FieldName,DeclaredIn,Category,ReadsBy,WritesBy,Thread,Lifetime,CandidateOwner,Notes
"_pendingHostedDockRestoreGroups","desktop-pet/Features/StickyNotes/PetStickyWindowCoordinator.cs:25","G Dock","desktop-pet/Features/StickyNotes/PetStickyWindowCoordinator.cs:2041 TryRestoreHostedDockComponent; desktop-pet/Features/StickyNotes/PetStickyWindowCoordinator.cs:2101 ReleaseHostedDockRestoreGate","desktop-pet/Features/StickyNotes/PetStickyWindowCoordinator.cs:2041 TryRestoreHostedDockComponent; desktop-pet/Features/StickyNotes/PetStickyWindowCoordinator.cs:2101 ReleaseHostedDockRestoreGate","Pet STA (async completion marshaled); referenced owner may execute elsewhere","PetForm lifetime; collection entries removed/reset per feature","DockInteractionRuntime","Read list includes writes; lexical write/mutator index, inspect referenced method for indirect effects / finally. Constants and event declarations retained."
"CellWidth","desktop-pet/PetForm.cs:12","A Window shell","desktop-pet/PetForm.cs:195 PetForm; desktop-pet/PetAnimationRuntime.cs:489 ScaledPetSize","","Pet STA (async completion marshaled); referenced owner may execute elsewhere","PetForm lifetime; collection entries removed/reset per feature","PetForm shell","Read list includes writes; lexical write/mutator index, inspect referenced method for indirect effects / finally. Constants and event declarations retained."
"CellHeight","desktop-pet/PetForm.cs:13","A Window shell","desktop-pet/PetForm.cs:195 PetForm; desktop-pet/PetAnimationRuntime.cs:489 ScaledPetSize","","Pet STA (async completion marshaled); referenced owner may execute elsewhere","PetForm lifetime; collection entries removed/reset per feature","PetForm shell","Read list includes writes; lexical write/mutator index, inspect referenced method for indirect effects / finally. Constants and event declarations retained."
"IdleRow","desktop-pet/PetForm.cs:14","B Animation/hover","desktop-pet/PetForm.cs:195 PetForm; desktop-pet/PetAnimationRuntime.cs:16 AnimationTick; desktop-pet/PetAnimationRuntime.cs:389 QueueStartupInteractionPreload","","Pet STA (async completion marshaled); referenced owner may execute elsewhere","PetForm lifetime; collection entries removed/reset per feature","existing animation owner + hover lifecycle","Read list includes writes; lexical write/mutator index, inspect referenced method for indirect effects / finally. Constants and event declarations retained."
"RightRow","desktop-pet/PetForm.cs:15","B Animation/hover","","","Pet STA (async completion marshaled); referenced owner may execute elsewhere","PetForm lifetime; collection entries removed/reset per feature","existing animation owner + hover lifecycle","Read list includes writes; lexical write/mutator index, inspect referenced method for indirect effects / finally. Constants and event declarations retained."
"LeftRow","desktop-pet/PetForm.cs:16","B Animation/hover","","","Pet STA (async completion marshaled); referenced owner may execute elsewhere","PetForm lifetime; collection entries removed/reset per feature","existing animation owner + hover lifecycle","Read list includes writes; lexical write/mutator index, inspect referenced method for indirect effects / finally. Constants and event declarations retained."
"WavingRow","desktop-pet/PetForm.cs:17","B Animation/hover","desktop-pet/PetAnimationRuntime.cs:16 AnimationTick; desktop-pet/PetMenuActions.cs:226 BeginExitSequence","","Pet STA (async completion marshaled); referenced owner may execute elsewhere","PetForm lifetime; collection entries removed/reset per feature","existing animation owner + hover lifecycle","Read list includes writes; lexical write/mutator index, inspect referenced method for indirect effects / finally. Constants and event declarations retained."
"HoverRow","desktop-pet/PetForm.cs:18","B Animation/hover","desktop-pet/PetAnimationRuntime.cs:286 StartHoverPokeAnimation; desktop-pet/PetAnimationRuntime.cs:389 QueueStartupInteractionPreload; desktop-pet/PetHoverRuntime.cs:68 CommitStableEnter","","Pet STA (async completion marshaled); referenced owner may execute elsewhere","PetForm lifetime; collection entries removed/reset per feature","existing animation owner + hover lifecycle","Read list includes writes; lexical write/mutator index, inspect referenced method for indirect effects / finally. Constants and event declarations retained."
"FailedRow","desktop-pet/PetForm.cs:19","B Animation/hover","desktop-pet/PetAnimationRuntime.cs:152 PetMouseDown; desktop-pet/PetAnimationRuntime.cs:341 StartPokeEasterEgg; desktop-pet/PetAnimationRuntime.cs:389 QueueStartupInteractionPreload","","Pet STA (async completion marshaled); referenced owner may execute elsewhere","PetForm lifetime; collection entries removed/reset per feature","existing animation owner + hover lifecycle","Read list includes writes; lexical write/mutator index, inspect referenced method for indirect effects / finally. Constants and event declarations retained."
"WaitingRow","desktop-pet/PetForm.cs:20","B Animation/hover","desktop-pet/PetAnimationRuntime.cs:276 StartGuitarPokeAnimation; desktop-pet/PetAnimationRuntime.cs:389 QueueStartupInteractionPreload","","Pet STA (async completion marshaled); referenced owner may execute elsewhere","PetForm lifetime; collection entries removed/reset per feature","existing animation owner + hover lifecycle","Read list includes writes; lexical write/mutator index, inspect referenced method for indirect effects / finally. Constants and event declarations retained."
"ThinkingRow","desktop-pet/PetForm.cs:21","B Animation/hover","desktop-pet/PetAnimationRuntime.cs:389 QueueStartupInteractionPreload","","Pet STA (async completion marshaled); referenced owner may execute elsewhere","PetForm lifetime; collection entries removed/reset per feature","existing animation owner + hover lifecycle","Read list includes writes; lexical write/mutator index, inspect referenced method for indirect effects / finally. Constants and event declarations retained."
"ReviewRow","desktop-pet/PetForm.cs:22","B Animation/hover","","","Pet STA (async completion marshaled); referenced owner may execute elsewhere","PetForm lifetime; collection entries removed/reset per feature","existing animation owner + hover lifecycle","Read list includes writes; lexical write/mutator index, inspect referenced method for indirect effects / finally. Constants and event declarations retained."
"NotificationRow","desktop-pet/PetForm.cs:23","B Animation/hover","desktop-pet/PetForm.cs:195 PetForm; desktop-pet/PetAnimationRuntime.cs:309 StartNotificationPokeAnimation; desktop-pet/PetReminderWindowsCoordinator.cs:185 ShowReminderDialog; desktop-pet/PetReminderWindowsCoordinator.cs:256 RequestReminderAttentionAnimation; desktop-pet/PetReminderWindowsCoordinator.cs:289 BeginReminderAttentionAnimation","","Pet STA (async completion marshaled); referenced owner may execute elsewhere","PetForm lifetime; collection entries removed/reset per feature","existing animation owner + hover lifecycle","Read list includes writes; lexical write/mutator index, inspect referenced method for indirect effects / finally. Constants and event declarations retained."
"_animationTimer","desktop-pet/PetForm.cs:30","B Animation/hover","desktop-pet/PetForm.cs:195 PetForm; desktop-pet/PetForm.cs:701 OnFormClosed","desktop-pet/PetForm.cs:195 PetForm","Pet STA (async completion marshaled); referenced owner may execute elsewhere","PetForm lifetime; collection entries removed/reset per feature","existing animation owner + hover lifecycle","Read list includes writes; lexical write/mutator index, inspect referenced method for indirect effects / finally. Constants and event declarations retained."
"_reminderTimer","desktop-pet/PetForm.cs:31","K Bubble/daily/reminder","desktop-pet/PetForm.cs:195 PetForm; desktop-pet/PetForm.cs:701 OnFormClosed; desktop-pet/PetMenuActions.cs:226 BeginExitSequence","desktop-pet/PetForm.cs:195 PetForm","Pet STA (async completion marshaled); referenced owner may execute elsewhere","PetForm lifetime; collection entries removed/reset per feature","existing PetReminderCoordinator","Read list includes writes; lexical write/mutator index, inspect referenced method for indirect effects / finally. Constants and event declarations retained."
"_persistenceRetryTimer","desktop-pet/PetForm.cs:32","I Persistence","desktop-pet/PetForm.cs:195 PetForm; desktop-pet/PetForm.cs:701 OnFormClosed; desktop-pet/Features/StickyNotes/PetPersistenceCoordinator.cs:12 PersistenceSaveFailed; desktop-pet/Features/StickyNotes/PetPersistenceCoordinator.cs:28 RetryUnsavedPersistence","desktop-pet/PetForm.cs:195 PetForm","Pet STA (async completion marshaled); referenced owner may execute elsewhere","PetForm lifetime; collection entries removed/reset per feature","Pet persistence lifecycle","Read list includes writes; lexical write/mutator index, inspect referenced method for indirect effects / finally. Constants and event declarations retained."
"_reminderCoordinator","desktop-pet/PetForm.cs:33","K Bubble/daily/reminder","desktop-pet/PetReminderWindowsCoordinator.cs:256 RequestReminderAttentionAnimation; desktop-pet/PetReminderWindowsCoordinator.cs:289 BeginReminderAttentionAnimation","","Pet STA (async completion marshaled); referenced owner may execute elsewhere","PetForm lifetime; collection entries removed/reset per feature","existing PetReminderCoordinator","Read list includes writes; lexical write/mutator index, inspect referenced method for indirect effects / finally. Constants and event declarations retained."
"_bubbleCoordinator","desktop-pet/PetForm.cs:35","K Bubble/daily/reminder","desktop-pet/PetForm.cs:195 PetForm; desktop-pet/PetForm.cs:701 OnFormClosed; desktop-pet/PetAnimationRuntime.cs:276 StartGuitarPokeAnimation; desktop-pet/PetAnimationRuntime.cs:286 StartHoverPokeAnimation; desktop-pet/PetAnimationRuntime.cs:309 StartNotificationPokeAnimation; desktop-pet/PetAnimationRuntime.cs:324 StartOrdinaryPokeAnimation; desktop-pet/PetAnimationRuntime.cs:341 StartPokeEasterEgg; desktop-pet/PetBubbleCoordinator.cs:300 ShowBubble; desktop-pet/PetBubbleCoordinator.cs:308 ShowDueReminderBubble; desktop-pet/PetBubbleCoordinator.cs:314 ShowNextPendingBubble; desktop-pet/PetBubbleCoordinator.cs:319 ShowOrUpdatePreAlert; desktop-pet/PetBubbleCoordinator.cs:344 ShowOrUpdateHoverBubble; desktop-pet/PetBubbleCoordinator.cs:381 HideHoverBubble; desktop-pet/PetBubbleCoordinator.cs:386 CloseCurrentBubbleWithoutRestoringHover; desktop-pet/PetBubbleCoordinator.cs:410 RepositionCurrentBubble; desktop-pet/PetReminderWindowsCoordinator.cs:149 ReminderTick; desktop-pet/PetReminderWindowsCoordinator.cs:233 TriggerReminder; desktop-pet/PetMenuActions.cs:104 ApplyScale; desktop-pet/Features/KeyboardOverlay/PetKeyboardOverlayCoordinator.cs:172 PetWindowLayerChanged","desktop-pet/PetForm.cs:195 PetForm","Pet STA (async completion marshaled); referenced owner may execute elsewhere","PetForm lifetime; collection entries removed/reset per feature","existing feature owners","Read list includes writes; lexical write/mutator index, inspect referenced method for indirect effects / finally. Constants and event declarations retained."
"_dailyContentCoordinator","desktop-pet/PetForm.cs:36","K Bubble/daily/reminder","desktop-pet/PetForm.cs:195 PetForm; desktop-pet/PetAnimationRuntime.cs:219 HandlePetPokedAsync","desktop-pet/PetForm.cs:195 PetForm","Pet STA (async completion marshaled); referenced owner may execute elsewhere","PetForm lifetime; collection entries removed/reset per feature","existing feature owners","Read list includes writes; lexical write/mutator index, inspect referenced method for indirect effects / finally. Constants and event declarations retained."
"_weatherSource","desktop-pet/PetForm.cs:37","K Bubble/daily/reminder","desktop-pet/PetForm.cs:195 PetForm; desktop-pet/PetForm.cs:701 OnFormClosed; desktop-pet/PetMenuActions.cs:71 ShowDailyContentSettingsDialog","desktop-pet/PetForm.cs:195 PetForm","Pet STA (async completion marshaled); referenced owner may execute elsewhere","PetForm lifetime; collection entries removed/reset per feature","existing feature owners","Read list includes writes; lexical write/mutator index, inspect referenced method for indirect effects / finally. Constants and event declarations retained."
"_smallTalkCoordinator","desktop-pet/PetForm.cs:38","K Bubble/daily/reminder","desktop-pet/PetForm.cs:195 PetForm; desktop-pet/PetAnimationRuntime.cs:219 HandlePetPokedAsync","desktop-pet/PetForm.cs:195 PetForm; desktop-pet/PetAnimationRuntime.cs:219 HandlePetPokedAsync","Pet STA (async completion marshaled); referenced owner may execute elsewhere","PetForm lifetime; collection entries removed/reset per feature","existing feature owners","Read list includes writes; lexical write/mutator index, inspect referenced method for indirect effects / finally. Constants and event declarations retained."
"_daypartCheckInCoordinator","desktop-pet/PetForm.cs:39","K Bubble/daily/reminder","desktop-pet/PetForm.cs:195 PetForm; desktop-pet/PetAnimationRuntime.cs:219 HandlePetPokedAsync","desktop-pet/PetForm.cs:195 PetForm","Pet STA (async completion marshaled); referenced owner may execute elsewhere","PetForm lifetime; collection entries removed/reset per feature","existing feature owners","Read list includes writes; lexical write/mutator index, inspect referenced method for indirect effects / finally. Constants and event declarations retained."
"_pokeBurstTracker","desktop-pet/PetForm.cs:40","K Bubble/daily/reminder","desktop-pet/PetAnimationRuntime.cs:219 HandlePetPokedAsync","","Pet STA (async completion marshaled); referenced owner may execute elsewhere","PetForm lifetime; collection entries removed/reset per feature","existing feature owners","Read list includes writes; lexical write/mutator index, inspect referenced method for indirect effects / finally. Constants and event declarations retained."
"_lastReminderBannerSecond","desktop-pet/PetForm.cs:42","K Bubble/daily/reminder","desktop-pet/PetReminderWindowsCoordinator.cs:149 ReminderTick","desktop-pet/PetReminderWindowsCoordinator.cs:149 ReminderTick","Pet STA (async completion marshaled); referenced owner may execute elsewhere","proxy, no independent storage","existing PetReminderCoordinator","Forwarding property, not duplicate storage"
"_petContextMenu","desktop-pet/PetForm.cs:45","A Window shell","desktop-pet/PetForm.cs:195 PetForm","desktop-pet/PetForm.cs:195 PetForm","Pet STA (async completion marshaled); referenced owner may execute elsewhere","PetForm lifetime; collection entries removed/reset per feature","PetForm shell","Read list includes writes; lexical write/mutator index, inspect referenced method for indirect effects / finally. Constants and event declarations retained."
"_menu","desktop-pet/PetForm.cs:46","A Window shell","desktop-pet/Features/StickyNotes/PetStickyWindowCoordinator.cs:85 QueueStickyWindowAction; desktop-pet/PetForm.cs:195 PetForm; desktop-pet/PetForm.cs:701 OnFormClosed; desktop-pet/PetAnimationRuntime.cs:137 ChooseRow; desktop-pet/PetBubbleCoordinator.cs:319 ShowOrUpdatePreAlert; desktop-pet/PetBubbleCoordinator.cs:344 ShowOrUpdateHoverBubble; desktop-pet/PetBubbleCoordinator.cs:397 RestoreAmbientBubble; desktop-pet/PetMenuActions.cs:226 BeginExitSequence","","Pet STA (async completion marshaled); referenced owner may execute elsewhere","proxy, no independent storage","PetForm shell","Forwarding property, not duplicate storage"
"_statusItem","desktop-pet/PetForm.cs:47","A Window shell","desktop-pet/PetMenuActions.cs:20 RefreshMenuText","desktop-pet/PetMenuActions.cs:20 RefreshMenuText","Pet STA (async completion marshaled); referenced owner may execute elsewhere","proxy, no independent storage","PetForm shell","Forwarding property, not duplicate storage"
"_setReminderItem","desktop-pet/PetForm.cs:49","K Bubble/daily/reminder","desktop-pet/PetMenuActions.cs:20 RefreshMenuText","desktop-pet/PetMenuActions.cs:20 RefreshMenuText","Pet STA (async completion marshaled); referenced owner may execute elsewhere","proxy, no independent storage","existing PetReminderCoordinator","Forwarding property, not duplicate storage"
"_cancelItem","desktop-pet/PetForm.cs:51","A Window shell","desktop-pet/PetMenuActions.cs:20 RefreshMenuText","desktop-pet/PetMenuActions.cs:20 RefreshMenuText","Pet STA (async completion marshaled); referenced owner may execute elsewhere","proxy, no independent storage","PetForm shell","Forwarding property, not duplicate storage"
"_manageNotesItem","desktop-pet/PetForm.cs:53","A Window shell","desktop-pet/PetMenuActions.cs:20 RefreshMenuText","desktop-pet/PetMenuActions.cs:20 RefreshMenuText","Pet STA (async completion marshaled); referenced owner may execute elsewhere","proxy, no independent storage","PetForm shell","Forwarding property, not duplicate storage"
"_scaleItem","desktop-pet/PetForm.cs:55","A Window shell","desktop-pet/PetMenuActions.cs:20 RefreshMenuText","desktop-pet/PetMenuActions.cs:20 RefreshMenuText","Pet STA (async completion marshaled); referenced owner may execute elsewhere","proxy, no independent storage","PetForm shell","Forwarding property, not duplicate storage"
"_startupItem","desktop-pet/PetForm.cs:57","C Startup","desktop-pet/PetMenuActions.cs:209 StartupItemClick","desktop-pet/PetMenuActions.cs:209 StartupItemClick","Pet STA (async completion marshaled); referenced owner may execute elsewhere","proxy, no independent storage","StartupRuntime","Forwarding property, not duplicate storage"
"_keyboardItem","desktop-pet/PetForm.cs:59","J Keyboard/input","desktop-pet/PetMenuActions.cs:141 KeyboardItemClick; desktop-pet/PetMenuActions.cs:191 RefreshKeyboardMenuText","desktop-pet/PetMenuActions.cs:141 KeyboardItemClick; desktop-pet/PetMenuActions.cs:191 RefreshKeyboardMenuText","Pet STA (async completion marshaled); referenced owner may execute elsewhere","proxy, no independent storage","existing keyboard policy + Pet input lifecycle","Forwarding property, not duplicate storage"
"_silentItem","desktop-pet/PetForm.cs:61","A Window shell","desktop-pet/PetMenuActions.cs:20 RefreshMenuText; desktop-pet/PetMenuActions.cs:184 SilentItemClick","desktop-pet/PetMenuActions.cs:20 RefreshMenuText","Pet STA (async completion marshaled); referenced owner may execute elsewhere","proxy, no independent storage","PetForm shell","Forwarding property, not duplicate storage"
"_trayIcon","desktop-pet/PetForm.cs:63","A Window shell","desktop-pet/PetForm.cs:195 PetForm; desktop-pet/PetForm.cs:701 OnFormClosed","desktop-pet/PetForm.cs:195 PetForm; desktop-pet/PetForm.cs:701 OnFormClosed","Pet STA (async completion marshaled); referenced owner may execute elsewhere","PetForm lifetime; collection entries removed/reset per feature","PetForm shell","Read list includes writes; lexical write/mutator index, inspect referenced method for indirect effects / finally. Constants and event declarations retained."
"_appIcon","desktop-pet/PetForm.cs:64","A Window shell","desktop-pet/PetForm.cs:195 PetForm; desktop-pet/PetForm.cs:701 OnFormClosed","desktop-pet/PetForm.cs:195 PetForm","Pet STA (async completion marshaled); referenced owner may execute elsewhere","PetForm lifetime; collection entries removed/reset per feature","PetForm shell","Read list includes writes; lexical write/mutator index, inspect referenced method for indirect effects / finally. Constants and event declarations retained."
"_reminders","desktop-pet/PetForm.cs:65","K Bubble/daily/reminder","desktop-pet/Features/StickyNotes/PetStickyWindowCoordinator.cs:979 StartHostedSticky; desktop-pet/Features/StickyNotes/PetStickyWindowCoordinator.cs:2187 PrepareHostedDockRestoreSessions; desktop-pet/Features/StickyNotes/PetStickyWindowCoordinator.cs:2482 TryRestoreHostedDockComponentLegacyFallback; desktop-pet/PetForm.cs:195 PetForm; desktop-pet/PetBubbleCoordinator.cs:344 ShowOrUpdateHoverBubble; desktop-pet/PetBubbleCoordinator.cs:397 RestoreAmbientBubble; desktop-pet/PetReminderWindowsCoordinator.cs:12 RestoreReminders; desktop-pet/PetReminderWindowsCoordinator.cs:38 SaveReminders; desktop-pet/PetReminderWindowsCoordinator.cs:45 UpdateAllStickyNoteReminderBanners; desktop-pet/PetReminderWindowsCoordinator.cs:66 ReconcileNoteReminders; desktop-pet/PetReminderWindowsCoordinator.cs:87 EditReminder; desktop-pet/PetReminderWindowsCoordinator.cs:133 CancelReminderForNote; desktop-pet/PetReminderWindowsCoordinator.cs:149 ReminderTick; desktop-pet/PetReminderWindowsCoordinator.cs:185 ShowReminderDialog; desktop-pet/PetReminderWindowsCoordinator.cs:212 CancelReminder; desktop-pet/PetReminderWindowsCoordinator.cs:223 CancelAllReminders; desktop-pet/PetReminderWindowsCoordinator.cs:233 TriggerReminder; desktop-pet/PetReminderWindowsCoordinator.cs:318 PreviewHostedReminderFontSize; desktop-pet/PetReminderWindowsCoordinator.cs:335 RefreshLinkedNoteReminderState; desktop-pet/PetMenuActions.cs:20 RefreshMenuText","desktop-pet/PetForm.cs:195 PetForm; desktop-pet/PetReminderWindowsCoordinator.cs:12 RestoreReminders; desktop-pet/PetReminderWindowsCoordinator.cs:66 ReconcileNoteReminders; desktop-pet/PetReminderWindowsCoordinator.cs:87 EditReminder; desktop-pet/PetReminderWindowsCoordinator.cs:133 CancelReminderForNote; desktop-pet/PetReminderWindowsCoordinator.cs:185 ShowReminderDialog; desktop-pet/PetReminderWindowsCoordinator.cs:212 CancelReminder; desktop-pet/PetReminderWindowsCoordinator.cs:223 CancelAllReminders; desktop-pet/PetReminderWindowsCoordinator.cs:233 TriggerReminder","Pet STA (async completion marshaled); referenced owner may execute elsewhere","PetForm lifetime; collection entries removed/reset per feature","existing PetReminderCoordinator","Read list includes writes; lexical write/mutator index, inspect referenced method for indirect effects / finally. Constants and event declarations retained."
"_settings","desktop-pet/PetForm.cs:66","A Window shell","desktop-pet/PetForm.cs:195 PetForm; desktop-pet/PetForm.cs:701 OnFormClosed; desktop-pet/PetForm.cs:774 RestoreLocation; desktop-pet/PetForm.cs:799 SaveLocation; desktop-pet/PetAnimationRuntime.cs:341 StartPokeEasterEgg; desktop-pet/PetDisplayRuntime.cs:61 FindLegacyPetSurface; desktop-pet/PetDisplayRuntime.cs:74 UpdatePetCompatibilityLocation; desktop-pet/PetDisplayRuntime.cs:87 CommitPetPreferredFromFacts; desktop-pet/PetDisplayRuntime.cs:238 TryPlacePetLegacy; desktop-pet/PetDisplayRuntime.cs:317 InitializePetDisplayPlacement; desktop-pet/PetDisplayRuntime.cs:388 ReconcilePetDisplayPlacement; desktop-pet/PetBubbleCoordinator.cs:300 ShowBubble; desktop-pet/PetBubbleCoordinator.cs:319 ShowOrUpdatePreAlert; desktop-pet/PetBubbleCoordinator.cs:344 ShowOrUpdateHoverBubble; desktop-pet/PetBubbleCoordinator.cs:397 RestoreAmbientBubble; desktop-pet/PetReminderWindowsCoordinator.cs:12 RestoreReminders; desktop-pet/PetReminderWindowsCoordinator.cs:38 SaveReminders; desktop-pet/PetReminderWindowsCoordinator.cs:233 TriggerReminder; desktop-pet/Features/StickyNotes/PetPersistenceCoordinator.cs:12 PersistenceSaveFailed; desktop-pet/Features/StickyNotes/PetPersistenceCoordinator.cs:28 RetryUnsavedPersistence; desktop-pet/Features/StickyNotes/PetPersistenceCoordinator.cs:44 FlushPersistenceBeforeExit; desktop-pet/PetMenuActions.cs:20 RefreshMenuText; desktop-pet/PetMenuActions.cs:60 ShowScaleDialog; desktop-pet/PetMenuActions.cs:71 ShowDailyContentSettingsDialog; desktop-pet/PetMenuActions.cs:104 ApplyScale; desktop-pet/PetMenuActions.cs:141 KeyboardItemClick; desktop-pet/PetMenuActions.cs:184 SilentItemClick; desktop-pet/PetMenuActions.cs:191 RefreshKeyboardMenuText; desktop-pet/PetMenuActions.cs:209 StartupItemClick; desktop-pet/PetMenuActions.cs:226 BeginExitSequence; desktop-pet/Features/KeyboardOverlay/PetKeyboardOverlayCoordinator.cs:42 ProcessPendingKeyboardActivity; desktop-pet/Features/KeyboardOverlay/PetKeyboardOverlayCoordinator.cs:94 PrivacyCheckedOverlayWorker; desktop-pet/PetStartupCoordinator.cs:26 DeferredStartupTick; desktop-pet/PetDailyInteractionRuntime.cs:10 InitializeDailyLedger; desktop-pet/PetDailyInteractionRuntime.cs:37 RefreshLedgerOpeningMarker; desktop-pet/PetDailyInteractionRuntime.cs:45 PersistDailyLedger","desktop-pet/PetForm.cs:195 PetForm; desktop-pet/PetForm.cs:799 SaveLocation; desktop-pet/PetDisplayRuntime.cs:74 UpdatePetCompatibilityLocation; desktop-pet/PetDisplayRuntime.cs:87 CommitPetPreferredFromFacts; desktop-pet/PetReminderWindowsCoordinator.cs:12 RestoreReminders; desktop-pet/PetReminderWindowsCoordinator.cs:38 SaveReminders; desktop-pet/PetMenuActions.cs:104 ApplyScale; desktop-pet/PetMenuActions.cs:141 KeyboardItemClick; desktop-pet/PetMenuActions.cs:184 SilentItemClick; desktop-pet/PetMenuActions.cs:209 StartupItemClick; desktop-pet/PetDailyInteractionRuntime.cs:45 PersistDailyLedger","Pet STA (async completion marshaled); referenced owner may execute elsewhere","PetForm lifetime; collection entries removed/reset per feature","PetForm shell","Read list includes writes; lexical write/mutator index, inspect referenced method for indirect effects / finally. Constants and event declarations retained."
"_keyboard","desktop-pet/PetForm.cs:67","J Keyboard/input","desktop-pet/PetForm.cs:195 PetForm; desktop-pet/PetForm.cs:701 OnFormClosed; desktop-pet/PetMenuActions.cs:141 KeyboardItemClick; desktop-pet/PetMenuActions.cs:191 RefreshKeyboardMenuText; desktop-pet/PetStartupCoordinator.cs:26 DeferredStartupTick","desktop-pet/PetForm.cs:195 PetForm","Pet STA (async completion marshaled); referenced owner may execute elsewhere","PetForm lifetime; collection entries removed/reset per feature","existing keyboard policy + Pet input lifecycle","Read list includes writes; lexical write/mutator index, inspect referenced method for indirect effects / finally. Constants and event declarations retained."
"_keyOverlay","desktop-pet/PetForm.cs:68","J Keyboard/input","desktop-pet/PetForm.cs:195 PetForm; desktop-pet/PetForm.cs:701 OnFormClosed; desktop-pet/PetAnimationRuntime.cs:152 PetMouseDown; desktop-pet/PetAnimationRuntime.cs:169 PetMouseMove; desktop-pet/PetMenuActions.cs:104 ApplyScale; desktop-pet/PetMenuActions.cs:141 KeyboardItemClick; desktop-pet/PetMenuActions.cs:226 BeginExitSequence; desktop-pet/Features/KeyboardOverlay/PetKeyboardOverlayCoordinator.cs:42 ProcessPendingKeyboardActivity; desktop-pet/Features/KeyboardOverlay/PetKeyboardOverlayCoordinator.cs:94 PrivacyCheckedOverlayWorker; desktop-pet/Features/KeyboardOverlay/PetKeyboardOverlayCoordinator.cs:172 PetWindowLayerChanged","desktop-pet/PetForm.cs:195 PetForm; desktop-pet/PetMenuActions.cs:104 ApplyScale","Pet STA (async completion marshaled); referenced owner may execute elsewhere","PetForm lifetime; collection entries removed/reset per feature","existing keyboard policy + Pet input lifecycle","Read list includes writes; lexical write/mutator index, inspect referenced method for indirect effects / finally. Constants and event declarations retained."
"_windowLayers","desktop-pet/PetForm.cs:69","A Window shell","desktop-pet/Features/StickyNotes/PetStickyWindowCoordinator.cs:2888 ShowStickyNotesManager; desktop-pet/PetForm.cs:195 PetForm; desktop-pet/PetForm.cs:701 OnFormClosed; desktop-pet/PetReminderWindowsCoordinator.cs:87 EditReminder; desktop-pet/PetReminderWindowsCoordinator.cs:185 ShowReminderDialog; desktop-pet/PetMenuActions.cs:60 ShowScaleDialog; desktop-pet/PetMenuActions.cs:71 ShowDailyContentSettingsDialog; desktop-pet/Features/KeyboardOverlay/PetKeyboardOverlayCoordinator.cs:94 PrivacyCheckedOverlayWorker; desktop-pet/Features/KeyboardOverlay/PetKeyboardOverlayCoordinator.cs:162 ShouldSuppressOwnApplicationInput; desktop-pet/Features/KeyboardOverlay/PetKeyboardOverlayCoordinator.cs:172 PetWindowLayerChanged","","Pet STA (async completion marshaled); referenced owner may execute elsewhere","PetForm lifetime; collection entries removed/reset per feature","PetForm shell","Read list includes writes; lexical write/mutator index, inspect referenced method for indirect effects / finally. Constants and event declarations retained."
"_notes","desktop-pet/PetForm.cs:71","E Sticky repository","desktop-pet/Features/StickyNotes/PetStickyWindowCoordinator.cs:28 CreateStickyNote; desktop-pet/Features/StickyNotes/PetStickyWindowCoordinator.cs:47 CreateTodoStickyNote; desktop-pet/Features/StickyNotes/PetStickyWindowCoordinator.cs:66 CreateScheduleStickyNote; desktop-pet/Features/StickyNotes/PetStickyWindowCoordinator.cs:96 ExpandAndTileAllStickyNotesToPetScreen; desktop-pet/Features/StickyNotes/PetStickyWindowCoordinator.cs:270 RollBackFailedStickyCreation; desktop-pet/Features/StickyNotes/PetStickyWindowCoordinator.cs:292 PrepareStickyNoteDraft; desktop-pet/Features/StickyNotes/PetStickyWindowCoordinator.cs:462 HandleStickyTopologyChanged; desktop-pet/Features/StickyNotes/PetStickyWindowCoordinator.cs:499 ResumeDockDragAfterTopologyChange; desktop-pet/Features/StickyNotes/PetStickyWindowCoordinator.cs:553 ReconcileDockGroups; desktop-pet/Features/StickyNotes/PetStickyWindowCoordinator.cs:686 PostDockGroupTopologyReproject; desktop-pet/Features/StickyNotes/PetStickyWindowCoordinator.cs:781 TryApplyDockTopologyResult; desktop-pet/Features/StickyNotes/PetStickyWindowCoordinator.cs:954 CompleteTemporaryRehome; desktop-pet/Features/StickyNotes/PetStickyWindowCoordinator.cs:1142 HostedStickyEventReceived; desktop-pet/Features/StickyNotes/PetStickyWindowCoordinator.cs:1365 ApplyHostedStickyEvent; desktop-pet/Features/StickyNotes/PetStickyWindowCoordinator.cs:1433 ApplyReprojectResult; desktop-pet/Features/StickyNotes/PetStickyWindowCoordinator.cs:1478 ScheduleLatestStandaloneReconcile; desktop-pet/Features/StickyNotes/PetStickyWindowCoordinator.cs:1531 AdoptPreferredIfEmpty; desktop-pet/Features/StickyNotes/PetStickyWindowCoordinator.cs:1564 CompleteDockDurableCommit; desktop-pet/Features/StickyNotes/PetStickyWindowCoordinator.cs:1610 TryPrepareDockCommit; desktop-pet/Features/StickyNotes/PetStickyWindowCoordinator.cs:1740 ApplyHostedStickySnapshot; desktop-pet/Features/StickyNotes/PetStickyWindowCoordinator.cs:1778 CompleteHostedStickyDockDivider; desktop-pet/Features/StickyNotes/PetStickyWindowCoordinator.cs:1812 HandleHostedStickyFailure; desktop-pet/Features/StickyNotes/PetStickyWindowCoordinator.cs:1922 ReloadAllHostedStickyRuntime; desktop-pet/Features/StickyNotes/PetStickyWindowCoordinator.cs:1942 ConfirmHostedStickyDelete; desktop-pet/Features/StickyNotes/PetStickyWindowCoordinator.cs:1966 ShowHostedSticky; desktop-pet/Features/StickyNotes/PetStickyWindowCoordinator.cs:1991 ReloadImportedStickyRuntime; desktop-pet/Features/StickyNotes/PetStickyWindowCoordinator.cs:2041 TryRestoreHostedDockComponent; desktop-pet/Features/StickyNotes/PetStickyWindowCoordinator.cs:2262 CompleteHostedDockRestorePlacement; desktop-pet/Features/StickyNotes/PetStickyWindowCoordinator.cs:2413 CompleteHostedDockRestoreSuccess; desktop-pet/Features/StickyNotes/PetStickyWindowCoordinator.cs:2442 FailHostedDockRestore; desktop-pet/Features/StickyNotes/PetStickyWindowCoordinator.cs:2482 TryRestoreHostedDockComponentLegacyFallback; desktop-pet/Features/StickyNotes/PetStickyWindowCoordinator.cs:2588 ReorderStickyNoteTab; desktop-pet/Features/StickyNotes/PetStickyWindowCoordinator.cs:2596 CollapseAllStickyNotes; desktop-pet/Features/StickyNotes/PetStickyWindowCoordinator.cs:2620 ExpandAllStickyNoteTabs; desktop-pet/Features/StickyNotes/PetStickyWindowCoordinator.cs:2682 RefreshNoteTabs; desktop-pet/Features/StickyNotes/PetStickyWindowCoordinator.cs:2777 IsStripCoveredByVisibleSticky; desktop-pet/Features/StickyNotes/PetStickyWindowCoordinator.cs:2888 ShowStickyNotesManager; desktop-pet/Features/StickyNotes/PetStickyDockCoordinator.cs:39 CloseStickyDockNote; desktop-pet/Features/StickyNotes/PetStickyDockCoordinator.cs:115 TryApplyDockFactsBarrier; desktop-pet/Features/StickyNotes/PetStickyDockCoordinator.cs:188 CaptureDockInteractionBaseline; desktop-pet/Features/StickyNotes/PetStickyDockCoordinator.cs:246 BeginStickyDockDrag; desktop-pet/Features/StickyNotes/PetStickyDockCoordinator.cs:332 MoveStickyDockDrag; desktop-pet/Features/StickyNotes/PetStickyDockCoordinator.cs:506 PlanToDockTargets; desktop-pet/Features/StickyNotes/PetStickyDockCoordinator.cs:524 CompleteStickyDockDrag; desktop-pet/Features/StickyNotes/PetStickyDockCoordinator.cs:732 ApplyDockBatchResult; desktop-pet/Features/StickyNotes/PetStickyDockCoordinator.cs:777 CaptureDockFacts; desktop-pet/Features/StickyNotes/PetStickyDockCoordinator.cs:846 BuildDockChainOrderIncludingHidden; desktop-pet/Features/StickyNotes/PetStickyDockCoordinator.cs:852 BuildDockChainOrder; desktop-pet/Features/StickyNotes/PetStickyDockCoordinator.cs:930 ApplyDockTarget; desktop-pet/Features/StickyNotes/PetStickyDockCoordinator.cs:987 CanSafelyCombineDockComponents; desktop-pet/Features/StickyNotes/PetStickyDockCoordinator.cs:1059 NormalizeAllDockGroups; desktop-pet/Features/StickyNotes/PetStickyDockCoordinator.cs:1077 BeginHostedStickyDockDivider; desktop-pet/Features/StickyNotes/PetStickyDockCoordinator.cs:1107 ResizeHostedStickyDockDivider; desktop-pet/Features/StickyNotes/PetStickyDockCoordinator.cs:1211 ResizeStickyDockGroup; desktop-pet/Features/StickyNotes/PetStickyDockCoordinator.cs:1246 RefreshDockResizeRoles; desktop-pet/Features/StickyNotes/PetStickyDockCoordinator.cs:1296 RestoreDockOriginalLocations; desktop-pet/Features/StickyNotes/PetStickyDockCoordinator.cs:1337 BuildDockComponent; desktop-pet/Features/StickyNotes/PetStickyDockCoordinator.cs:1368 FindActiveDockTail; desktop-pet/Features/StickyNotes/PetStickyDockCoordinator.cs:1417 UpdateDockPreview; desktop-pet/Features/StickyNotes/PetStickyDockCoordinator.cs:1464 FindDockTarget; desktop-pet/Features/StickyNotes/PetStickyDockCoordinator.cs:1512 CanUseDockComponents; desktop-pet/Features/StickyNotes/PetStickyDockCoordinator.cs:1531 FindDockChild; desktop-pet/Features/StickyNotes/PetStickyDockCoordinator.cs:1571 DetachDockRelations; desktop-pet/Features/StickyNotes/PetStickyDockCoordinator.cs:1595 HideStickyNote; desktop-pet/Features/StickyNotes/PetStickyDockCoordinator.cs:1649 BeginHostedStickyDelete; desktop-pet/Features/StickyNotes/PetStickyDockCoordinator.cs:1686 DeleteStickyNoteAfterWindowClosed; desktop-pet/PetForm.cs:195 PetForm; desktop-pet/PetForm.cs:701 OnFormClosed; desktop-pet/PetReminderWindowsCoordinator.cs:45 UpdateAllStickyNoteReminderBanners; desktop-pet/PetReminderWindowsCoordinator.cs:66 ReconcileNoteReminders; desktop-pet/PetReminderWindowsCoordinator.cs:87 EditReminder; desktop-pet/PetReminderWindowsCoordinator.cs:133 CancelReminderForNote; desktop-pet/PetReminderWindowsCoordinator.cs:305 ClearLinkedNoteReminder; desktop-pet/Features/StickyNotes/PetPersistenceCoordinator.cs:28 RetryUnsavedPersistence; desktop-pet/Features/StickyNotes/PetPersistenceCoordinator.cs:44 FlushPersistenceBeforeExit; desktop-pet/Features/StickyNotes/PetPersistenceCoordinator.cs:92 ExportUnsavedStickyNotes; desktop-pet/Features/StickyNotes/PetPersistenceCoordinator.cs:111 ExportStickyNotesBackup; desktop-pet/Features/StickyNotes/PetPersistenceCoordinator.cs:137 PrepareStickyNotesImport; desktop-pet/Features/StickyNotes/PetPersistenceCoordinator.cs:185 CommitStickyNotesImport; desktop-pet/Features/StickyNotes/PetPersistenceCoordinator.cs:277 BeginFullStickyRestore; desktop-pet/PetMenuActions.cs:20 RefreshMenuText; desktop-pet/PetStartupCoordinator.cs:26 DeferredStartupTick; desktop-pet/PetStartupCoordinator.cs:125 BuildStartupRestoreQueue","desktop-pet/Features/StickyNotes/PetStickyWindowCoordinator.cs:270 RollBackFailedStickyCreation; desktop-pet/Features/StickyNotes/PetStickyDockCoordinator.cs:1686 DeleteStickyNoteAfterWindowClosed; desktop-pet/PetForm.cs:195 PetForm","Pet STA (async completion marshaled); referenced owner may execute elsewhere","PetForm lifetime; collection entries removed/reset per feature","StickyFeatureController (repository remains data owner)","Read list includes writes; lexical write/mutator index, inspect referenced method for indirect effects / finally. Constants and event declarations retained."
"_leftNoteTabs","desktop-pet/PetForm.cs:72","H SideTabs","desktop-pet/Features/StickyNotes/PetStickyWindowCoordinator.cs:2682 RefreshNoteTabs; desktop-pet/Features/StickyNotes/PetStickyWindowCoordinator.cs:2792 ApplyNoteTabZOrder; desktop-pet/Features/StickyNotes/PetStickyWindowCoordinator.cs:2821 PositionNoteTabs; desktop-pet/PetForm.cs:195 PetForm; desktop-pet/PetForm.cs:701 OnFormClosed; desktop-pet/Features/KeyboardOverlay/PetKeyboardOverlayCoordinator.cs:172 PetWindowLayerChanged","desktop-pet/Features/StickyNotes/PetStickyWindowCoordinator.cs:2682 RefreshNoteTabs; desktop-pet/Features/StickyNotes/PetStickyWindowCoordinator.cs:2792 ApplyNoteTabZOrder; desktop-pet/PetForm.cs:195 PetForm","Pet STA (async completion marshaled); referenced owner may execute elsewhere","PetForm lifetime; collection entries removed/reset per feature","SideTabController","Read list includes writes; lexical write/mutator index, inspect referenced method for indirect effects / finally. Constants and event declarations retained."
"_rightNoteTabs","desktop-pet/PetForm.cs:73","H SideTabs","desktop-pet/Features/StickyNotes/PetStickyWindowCoordinator.cs:2682 RefreshNoteTabs; desktop-pet/Features/StickyNotes/PetStickyWindowCoordinator.cs:2792 ApplyNoteTabZOrder; desktop-pet/Features/StickyNotes/PetStickyWindowCoordinator.cs:2821 PositionNoteTabs; desktop-pet/PetForm.cs:195 PetForm; desktop-pet/PetForm.cs:701 OnFormClosed; desktop-pet/Features/KeyboardOverlay/PetKeyboardOverlayCoordinator.cs:172 PetWindowLayerChanged","desktop-pet/Features/StickyNotes/PetStickyWindowCoordinator.cs:2682 RefreshNoteTabs; desktop-pet/Features/StickyNotes/PetStickyWindowCoordinator.cs:2792 ApplyNoteTabZOrder; desktop-pet/PetForm.cs:195 PetForm","Pet STA (async completion marshaled); referenced owner may execute elsewhere","PetForm lifetime; collection entries removed/reset per feature","SideTabController","Read list includes writes; lexical write/mutator index, inspect referenced method for indirect effects / finally. Constants and event declarations retained."
"HostedStickyWindowCreatedCount","desktop-pet/PetForm.cs:74","F Hosted protocol","desktop-pet/Features/StickyNotes/PetStickyWindowCoordinator.cs:979 StartHostedSticky; desktop-pet/Features/StickyNotes/PetStickyWindowCoordinator.cs:2482 TryRestoreHostedDockComponentLegacyFallback","desktop-pet/Features/StickyNotes/PetStickyWindowCoordinator.cs:979 StartHostedSticky; desktop-pet/Features/StickyNotes/PetStickyWindowCoordinator.cs:2482 TryRestoreHostedDockComponentLegacyFallback","Pet STA (async completion marshaled); referenced owner may execute elsewhere","PetForm lifetime; collection entries removed/reset per feature","StickyFeatureController / existing hosted owners","Read list includes writes; lexical write/mutator index, inspect referenced method for indirect effects / finally. Constants and event declarations retained."
"_random","desktop-pet/PetForm.cs:75","B Animation/hover","desktop-pet/PetAnimationRuntime.cs:16 AnimationTick; desktop-pet/PetAnimationRuntime.cs:324 StartOrdinaryPokeAnimation; desktop-pet/PetAnimationRuntime.cs:368 TriggerTypingAnimation","","Pet STA (async completion marshaled); referenced owner may execute elsewhere","PetForm lifetime; collection entries removed/reset per feature","existing animation owner + hover lifecycle","Read list includes writes; lexical write/mutator index, inspect referenced method for indirect effects / finally. Constants and event declarations retained."
"_keyboardQueueGate","desktop-pet/PetForm.cs:76","J Keyboard/input","desktop-pet/Features/KeyboardOverlay/PetKeyboardOverlayCoordinator.cs:14 KeyboardActivity; desktop-pet/Features/KeyboardOverlay/PetKeyboardOverlayCoordinator.cs:42 ProcessPendingKeyboardActivity; desktop-pet/Features/KeyboardOverlay/PetKeyboardOverlayCoordinator.cs:68 QueuePrivacyCheckedOverlay; desktop-pet/Features/KeyboardOverlay/PetKeyboardOverlayCoordinator.cs:94 PrivacyCheckedOverlayWorker","","Hook / Pet STA, lock _keyboardQueueGate","PetForm lifetime; collection entries removed/reset per feature","existing keyboard policy + Pet input lifecycle","Read list includes writes; lexical write/mutator index, inspect referenced method for indirect effects / finally. Constants and event declarations retained."
"_artPreloads","desktop-pet/PetForm.cs:77","B Animation/hover","desktop-pet/PetAnimationRuntime.cs:471 ReserveArtPreload; desktop-pet/PetAnimationRuntime.cs:478 CompleteArtPreload","desktop-pet/PetAnimationRuntime.cs:478 CompleteArtPreload","Pet STA (async completion marshaled); referenced owner may execute elsewhere","PetForm lifetime; collection entries removed/reset per feature","existing animation owner + hover lifecycle","Read list includes writes; lexical write/mutator index, inspect referenced method for indirect effects / finally. Constants and event declarations retained."
"_animation","desktop-pet/PetForm.cs:79","B Animation/hover","desktop-pet/PetAnimationRuntime.cs:16 AnimationTick; desktop-pet/PetAnimationRuntime.cs:137 ChooseRow; desktop-pet/PetAnimationRuntime.cs:169 PetMouseMove; desktop-pet/PetAnimationRuntime.cs:296 StartProtectedSmallTalkAnimation; desktop-pet/PetAnimationRuntime.cs:309 StartNotificationPokeAnimation; desktop-pet/PetAnimationRuntime.cs:324 StartOrdinaryPokeAnimation; desktop-pet/PetAnimationRuntime.cs:341 StartPokeEasterEgg; desktop-pet/PetReminderWindowsCoordinator.cs:233 TriggerReminder; desktop-pet/PetReminderWindowsCoordinator.cs:289 BeginReminderAttentionAnimation; desktop-pet/PetMenuActions.cs:226 BeginExitSequence","desktop-pet/PetAnimationRuntime.cs:16 AnimationTick; desktop-pet/PetAnimationRuntime.cs:169 PetMouseMove; desktop-pet/PetAnimationRuntime.cs:341 StartPokeEasterEgg; desktop-pet/PetReminderWindowsCoordinator.cs:233 TriggerReminder; desktop-pet/PetReminderWindowsCoordinator.cs:289 BeginReminderAttentionAnimation; desktop-pet/PetMenuActions.cs:226 BeginExitSequence","Pet STA (async completion marshaled); referenced owner may execute elsewhere","PetForm lifetime; collection entries removed/reset per feature","existing animation owner + hover lifecycle","Read list includes writes; lexical write/mutator index, inspect referenced method for indirect effects / finally. Constants and event declarations retained."
"_stickyUiHost","desktop-pet/PetForm.cs:81","F Hosted protocol","desktop-pet/Features/StickyNotes/PetStickyWindowCoordinator.cs:479 InvalidateDockPlansForTopologyChange; desktop-pet/Features/StickyNotes/PetStickyWindowCoordinator.cs:1124 PostHostedStickyCommand; desktop-pet/Features/StickyNotes/PetStickyWindowCoordinator.cs:1857 TryCloseAllHostedStickies; desktop-pet/Features/StickyNotes/PetStickyDockCoordinator.cs:246 BeginStickyDockDrag; desktop-pet/Features/StickyNotes/PetStickyDockCoordinator.cs:579 StartDockFinalization; desktop-pet/Features/StickyNotes/PetStickyDockCoordinator.cs:635 ResetDockDragState; desktop-pet/Features/StickyNotes/PetStickyDockCoordinator.cs:691 ApplyLiveDockPlan; desktop-pet/PetForm.cs:195 PetForm; desktop-pet/PetForm.cs:657 DisplayTopologyChanged; desktop-pet/PetForm.cs:701 OnFormClosed","desktop-pet/Features/StickyNotes/PetStickyWindowCoordinator.cs:479 InvalidateDockPlansForTopologyChange; desktop-pet/Features/StickyNotes/PetStickyWindowCoordinator.cs:1857 TryCloseAllHostedStickies; desktop-pet/Features/StickyNotes/PetStickyDockCoordinator.cs:246 BeginStickyDockDrag; desktop-pet/Features/StickyNotes/PetStickyDockCoordinator.cs:579 StartDockFinalization; desktop-pet/Features/StickyNotes/PetStickyDockCoordinator.cs:635 ResetDockDragState; desktop-pet/PetForm.cs:195 PetForm; desktop-pet/PetForm.cs:657 DisplayTopologyChanged; desktop-pet/PetForm.cs:701 OnFormClosed","Pet STA (async completion marshaled); referenced owner may execute elsewhere","PetForm lifetime; collection entries removed/reset per feature","StickyFeatureController / existing hosted owners","Read list includes writes; lexical write/mutator index, inspect referenced method for indirect effects / finally. Constants and event declarations retained."
"_petUiContext","desktop-pet/PetForm.cs:82","F Hosted protocol","desktop-pet/Features/StickyNotes/PetStickyWindowCoordinator.cs:1124 PostHostedStickyCommand; desktop-pet/Features/StickyNotes/PetStickyDockCoordinator.cs:579 StartDockFinalization; desktop-pet/Features/StickyNotes/PetStickyDockCoordinator.cs:691 ApplyLiveDockPlan; desktop-pet/PetForm.cs:195 PetForm","desktop-pet/PetForm.cs:195 PetForm","Pet STA (async completion marshaled); referenced owner may execute elsewhere","PetForm lifetime; collection entries removed/reset per feature","StickyFeatureController / existing hosted owners","Read list includes writes; lexical write/mutator index, inspect referenced method for indirect effects / finally. Constants and event declarations retained."
"_hostedRuntime","desktop-pet/PetForm.cs:83","F Hosted protocol","desktop-pet/Features/StickyNotes/PetStickyWindowCoordinator.cs:781 TryApplyDockTopologyResult; desktop-pet/Features/StickyNotes/PetStickyWindowCoordinator.cs:979 StartHostedSticky; desktop-pet/Features/StickyNotes/PetStickyWindowCoordinator.cs:1037 IsHostedSticky; desktop-pet/Features/StickyNotes/PetStickyWindowCoordinator.cs:1142 HostedStickyEventReceived; desktop-pet/Features/StickyNotes/PetStickyWindowCoordinator.cs:1365 ApplyHostedStickyEvent; desktop-pet/Features/StickyNotes/PetStickyWindowCoordinator.cs:1433 ApplyReprojectResult; desktop-pet/Features/StickyNotes/PetStickyWindowCoordinator.cs:1564 CompleteDockDurableCommit; desktop-pet/Features/StickyNotes/PetStickyWindowCoordinator.cs:1610 TryPrepareDockCommit; desktop-pet/Features/StickyNotes/PetStickyWindowCoordinator.cs:1740 ApplyHostedStickySnapshot; desktop-pet/Features/StickyNotes/PetStickyWindowCoordinator.cs:1778 CompleteHostedStickyDockDivider; desktop-pet/Features/StickyNotes/PetStickyWindowCoordinator.cs:1812 HandleHostedStickyFailure; desktop-pet/Features/StickyNotes/PetStickyWindowCoordinator.cs:1846 BeginHostedStickyExitIfNeeded; desktop-pet/Features/StickyNotes/PetStickyWindowCoordinator.cs:1857 TryCloseAllHostedStickies; desktop-pet/Features/StickyNotes/PetStickyWindowCoordinator.cs:1888 CloseHostedStickyRuntimeForReload; desktop-pet/Features/StickyNotes/PetStickyWindowCoordinator.cs:2187 PrepareHostedDockRestoreSessions; desktop-pet/Features/StickyNotes/PetStickyWindowCoordinator.cs:2442 FailHostedDockRestore; desktop-pet/Features/StickyNotes/PetStickyWindowCoordinator.cs:2482 TryRestoreHostedDockComponentLegacyFallback; desktop-pet/Features/StickyNotes/PetStickyDockCoordinator.cs:115 TryApplyDockFactsBarrier; desktop-pet/Features/StickyNotes/PetStickyDockCoordinator.cs:732 ApplyDockBatchResult; desktop-pet/Features/StickyNotes/PetStickyDockCoordinator.cs:1649 BeginHostedStickyDelete; desktop-pet/PetForm.cs:692 OnFormClosing; desktop-pet/PetReminderWindowsCoordinator.cs:45 UpdateAllStickyNoteReminderBanners; desktop-pet/PetReminderWindowsCoordinator.cs:87 EditReminder; desktop-pet/PetMenuActions.cs:250 HasFocusedOwnNoteTextInput","desktop-pet/Features/StickyNotes/PetStickyWindowCoordinator.cs:781 TryApplyDockTopologyResult; desktop-pet/Features/StickyNotes/PetStickyWindowCoordinator.cs:979 StartHostedSticky; desktop-pet/Features/StickyNotes/PetStickyWindowCoordinator.cs:1142 HostedStickyEventReceived; desktop-pet/Features/StickyNotes/PetStickyWindowCoordinator.cs:1365 ApplyHostedStickyEvent; desktop-pet/Features/StickyNotes/PetStickyWindowCoordinator.cs:1433 ApplyReprojectResult; desktop-pet/Features/StickyNotes/PetStickyWindowCoordinator.cs:1564 CompleteDockDurableCommit; desktop-pet/Features/StickyNotes/PetStickyWindowCoordinator.cs:1740 ApplyHostedStickySnapshot; desktop-pet/Features/StickyNotes/PetStickyWindowCoordinator.cs:1778 CompleteHostedStickyDockDivider; desktop-pet/Features/StickyNotes/PetStickyWindowCoordinator.cs:1812 HandleHostedStickyFailure; desktop-pet/Features/StickyNotes/PetStickyWindowCoordinator.cs:1846 BeginHostedStickyExitIfNeeded; desktop-pet/Features/StickyNotes/PetStickyWindowCoordinator.cs:1857 TryCloseAllHostedStickies; desktop-pet/Features/StickyNotes/PetStickyWindowCoordinator.cs:1888 CloseHostedStickyRuntimeForReload; desktop-pet/Features/StickyNotes/PetStickyWindowCoordinator.cs:2187 PrepareHostedDockRestoreSessions; desktop-pet/Features/StickyNotes/PetStickyWindowCoordinator.cs:2442 FailHostedDockRestore; desktop-pet/Features/StickyNotes/PetStickyWindowCoordinator.cs:2482 TryRestoreHostedDockComponentLegacyFallback; desktop-pet/Features/StickyNotes/PetStickyDockCoordinator.cs:115 TryApplyDockFactsBarrier; desktop-pet/Features/StickyNotes/PetStickyDockCoordinator.cs:732 ApplyDockBatchResult; desktop-pet/Features/StickyNotes/PetStickyDockCoordinator.cs:1649 BeginHostedStickyDelete; desktop-pet/PetForm.cs:692 OnFormClosing","Pet STA (async completion marshaled); referenced owner may execute elsewhere","PetForm lifetime; collection entries removed/reset per feature","StickyFeatureController / existing hosted owners","Read list includes writes; lexical write/mutator index, inspect referenced method for indirect effects / finally. Constants and event declarations retained."
"_placementRuntime","desktop-pet/PetForm.cs:85","D Display","desktop-pet/Features/StickyNotes/PetStickyWindowCoordinator.cs:142 CommitExpandedPreferred; desktop-pet/Features/StickyNotes/PetStickyWindowCoordinator.cs:583 ReconcileDockGroup; desktop-pet/Features/StickyNotes/PetStickyWindowCoordinator.cs:686 PostDockGroupTopologyReproject; desktop-pet/Features/StickyNotes/PetStickyWindowCoordinator.cs:781 TryApplyDockTopologyResult; desktop-pet/Features/StickyNotes/PetStickyWindowCoordinator.cs:851 ReconcileStandaloneSticky; desktop-pet/Features/StickyNotes/PetStickyWindowCoordinator.cs:954 CompleteTemporaryRehome; desktop-pet/Features/StickyNotes/PetStickyWindowCoordinator.cs:1042 PostHostedStickyShow; desktop-pet/Features/StickyNotes/PetStickyWindowCoordinator.cs:1142 HostedStickyEventReceived; desktop-pet/Features/StickyNotes/PetStickyWindowCoordinator.cs:1365 ApplyHostedStickyEvent; desktop-pet/Features/StickyNotes/PetStickyWindowCoordinator.cs:1433 ApplyReprojectResult; desktop-pet/Features/StickyNotes/PetStickyWindowCoordinator.cs:1564 CompleteDockDurableCommit; desktop-pet/Features/StickyNotes/PetStickyWindowCoordinator.cs:2348 CompleteHostedDockRestoreReproject; desktop-pet/Features/StickyNotes/PetStickyDockCoordinator.cs:115 TryApplyDockFactsBarrier; desktop-pet/Features/StickyNotes/PetStickyDockCoordinator.cs:188 CaptureDockInteractionBaseline; desktop-pet/Features/StickyNotes/PetStickyDockCoordinator.cs:732 ApplyDockBatchResult","desktop-pet/Features/StickyNotes/PetStickyWindowCoordinator.cs:142 CommitExpandedPreferred; desktop-pet/Features/StickyNotes/PetStickyWindowCoordinator.cs:686 PostDockGroupTopologyReproject; desktop-pet/Features/StickyNotes/PetStickyWindowCoordinator.cs:781 TryApplyDockTopologyResult; desktop-pet/Features/StickyNotes/PetStickyWindowCoordinator.cs:954 CompleteTemporaryRehome; desktop-pet/Features/StickyNotes/PetStickyWindowCoordinator.cs:1042 PostHostedStickyShow; desktop-pet/Features/StickyNotes/PetStickyWindowCoordinator.cs:1142 HostedStickyEventReceived; desktop-pet/Features/StickyNotes/PetStickyWindowCoordinator.cs:1365 ApplyHostedStickyEvent; desktop-pet/Features/StickyNotes/PetStickyWindowCoordinator.cs:1433 ApplyReprojectResult; desktop-pet/Features/StickyNotes/PetStickyWindowCoordinator.cs:1564 CompleteDockDurableCommit; desktop-pet/Features/StickyNotes/PetStickyWindowCoordinator.cs:2348 CompleteHostedDockRestoreReproject; desktop-pet/Features/StickyNotes/PetStickyDockCoordinator.cs:115 TryApplyDockFactsBarrier; desktop-pet/Features/StickyNotes/PetStickyDockCoordinator.cs:732 ApplyDockBatchResult","Pet STA (async completion marshaled); referenced owner may execute elsewhere","PetForm lifetime; collection entries removed/reset per feature","existing StickyPlacementRuntime","Read list includes writes; lexical write/mutator index, inspect referenced method for indirect effects / finally. Constants and event declarations retained."
"_expectedFirstRenderNoteIds","desktop-pet/PetForm.cs:87","C Startup","desktop-pet/Features/StickyNotes/PetStickyWindowCoordinator.cs:1812 HandleHostedStickyFailure; desktop-pet/PetStartupCoordinator.cs:125 BuildStartupRestoreQueue; desktop-pet/PetStartupCoordinator.cs:147 AllExpectedNotesHaveFirstRendered","desktop-pet/Features/StickyNotes/PetStickyWindowCoordinator.cs:1812 HandleHostedStickyFailure; desktop-pet/PetStartupCoordinator.cs:125 BuildStartupRestoreQueue","Pet STA (async completion marshaled); referenced owner may execute elsewhere","PetForm lifetime; collection entries removed/reset per feature","StartupRuntime","Read list includes writes; lexical write/mutator index, inspect referenced method for indirect effects / finally. Constants and event declarations retained."
"_renderedFirstRenderNoteIds","desktop-pet/PetForm.cs:89","C Startup","desktop-pet/Features/StickyNotes/PetStickyWindowCoordinator.cs:1142 HostedStickyEventReceived; desktop-pet/Features/StickyNotes/PetStickyWindowCoordinator.cs:1812 HandleHostedStickyFailure; desktop-pet/PetStartupCoordinator.cs:125 BuildStartupRestoreQueue; desktop-pet/PetStartupCoordinator.cs:147 AllExpectedNotesHaveFirstRendered; desktop-pet/PetStartupCoordinator.cs:154 MarkFirstRendered","desktop-pet/Features/StickyNotes/PetStickyWindowCoordinator.cs:1142 HostedStickyEventReceived; desktop-pet/Features/StickyNotes/PetStickyWindowCoordinator.cs:1812 HandleHostedStickyFailure; desktop-pet/PetStartupCoordinator.cs:125 BuildStartupRestoreQueue; desktop-pet/PetStartupCoordinator.cs:154 MarkFirstRendered","Pet STA (async completion marshaled); referenced owner may execute elsewhere","PetForm lifetime; collection entries removed/reset per feature","StartupRuntime","Read list includes writes; lexical write/mutator index, inspect referenced method for indirect effects / finally. Constants and event declarations retained."
"_art","desktop-pet/PetForm.cs:92","B Animation/hover","desktop-pet/PetForm.cs:195 PetForm; desktop-pet/PetForm.cs:616 ApplyCurrentDisplayScale; desktop-pet/PetForm.cs:701 OnFormClosed; desktop-pet/PetAnimationRuntime.cs:16 AnimationTick; desktop-pet/PetAnimationRuntime.cs:114 RuntimeFrameCount; desktop-pet/PetAnimationRuntime.cs:119 RuntimeFrameDuration; desktop-pet/PetAnimationRuntime.cs:132 RuntimeAnimationCycleDuration; desktop-pet/PetAnimationRuntime.cs:137 ChooseRow; desktop-pet/PetAnimationRuntime.cs:296 StartProtectedSmallTalkAnimation; desktop-pet/PetAnimationRuntime.cs:309 StartNotificationPokeAnimation; desktop-pet/PetAnimationRuntime.cs:324 StartOrdinaryPokeAnimation; desktop-pet/PetAnimationRuntime.cs:341 StartPokeEasterEgg; desktop-pet/PetAnimationRuntime.cs:368 TriggerTypingAnimation; desktop-pet/PetAnimationRuntime.cs:389 QueueStartupInteractionPreload; desktop-pet/PetAnimationRuntime.cs:455 QueueArtPreload; desktop-pet/PetAnimationRuntime.cs:471 ReserveArtPreload; desktop-pet/PetAnimationRuntime.cs:478 CompleteArtPreload; desktop-pet/PetAnimationRuntime.cs:517 EnsureRenderedRow; desktop-pet/PetReminderWindowsCoordinator.cs:256 RequestReminderAttentionAnimation; desktop-pet/PetReminderWindowsCoordinator.cs:289 BeginReminderAttentionAnimation","desktop-pet/PetForm.cs:195 PetForm","Pet STA (async completion marshaled); referenced owner may execute elsewhere","PetForm lifetime; collection entries removed/reset per feature","existing animation owner + hover lifecycle","Read list includes writes; lexical write/mutator index, inspect referenced method for indirect effects / finally. Constants and event declarations retained."
"_renderedFrames","desktop-pet/PetForm.cs:93","B Animation/hover","desktop-pet/PetForm.cs:616 ApplyCurrentDisplayScale; desktop-pet/PetAnimationRuntime.cs:496 RenderCurrentFrame; desktop-pet/PetAnimationRuntime.cs:508 BuildRenderedFrameCache; desktop-pet/PetAnimationRuntime.cs:517 EnsureRenderedRow; desktop-pet/PetAnimationRuntime.cs:565 DisposeRenderedFrameCache","desktop-pet/PetAnimationRuntime.cs:508 BuildRenderedFrameCache; desktop-pet/PetAnimationRuntime.cs:565 DisposeRenderedFrameCache","Pet STA (async completion marshaled); referenced owner may execute elsewhere","PetForm lifetime; collection entries removed/reset per feature","existing animation owner + hover lifecycle","Read list includes writes; lexical write/mutator index, inspect referenced method for indirect effects / finally. Constants and event declarations retained."
"_renderedFramesOwnBitmaps","desktop-pet/PetForm.cs:94","B Animation/hover","desktop-pet/PetAnimationRuntime.cs:508 BuildRenderedFrameCache; desktop-pet/PetAnimationRuntime.cs:565 DisposeRenderedFrameCache","desktop-pet/PetAnimationRuntime.cs:508 BuildRenderedFrameCache; desktop-pet/PetAnimationRuntime.cs:565 DisposeRenderedFrameCache","Pet STA (async completion marshaled); referenced owner may execute elsewhere","PetForm lifetime; collection entries removed/reset per feature","existing animation owner + hover lifecycle","Read list includes writes; lexical write/mutator index, inspect referenced method for indirect effects / finally. Constants and event declarations retained."
"_renderedTargetSize","desktop-pet/PetForm.cs:95","B Animation/hover","desktop-pet/PetForm.cs:616 ApplyCurrentDisplayScale; desktop-pet/PetAnimationRuntime.cs:508 BuildRenderedFrameCache; desktop-pet/PetAnimationRuntime.cs:517 EnsureRenderedRow","desktop-pet/PetForm.cs:616 ApplyCurrentDisplayScale; desktop-pet/PetAnimationRuntime.cs:508 BuildRenderedFrameCache","Pet STA (async completion marshaled); referenced owner may execute elsewhere","PetForm lifetime; collection entries removed/reset per feature","existing animation owner + hover lifecycle","Read list includes writes; lexical write/mutator index, inspect referenced method for indirect effects / finally. Constants and event declarations retained."
"_contactAuthorForm","desktop-pet/PetForm.cs:96","A Window shell","desktop-pet/PetForm.cs:701 OnFormClosed; desktop-pet/PetForm.cs:741 ShowContactAuthor","desktop-pet/PetForm.cs:741 ShowContactAuthor","Pet STA (async completion marshaled); referenced owner may execute elsewhere","PetForm lifetime; collection entries removed/reset per feature","PetForm shell","Read list includes writes; lexical write/mutator index, inspect referenced method for indirect effects / finally. Constants and event declarations retained."
"_displayTopologyRuntime","desktop-pet/PetForm.cs:97","D Display","desktop-pet/Features/StickyNotes/PetStickyWindowCoordinator.cs:430 CurrentTopologySnapshot; desktop-pet/Features/StickyNotes/PetStickyDockCoordinator.cs:732 ApplyDockBatchResult; desktop-pet/PetForm.cs:195 PetForm; desktop-pet/PetForm.cs:636 WndProc; desktop-pet/PetForm.cs:657 DisplayTopologyChanged; desktop-pet/PetForm.cs:701 OnFormClosed","desktop-pet/Features/StickyNotes/PetStickyDockCoordinator.cs:732 ApplyDockBatchResult; desktop-pet/PetForm.cs:195 PetForm; desktop-pet/PetForm.cs:701 OnFormClosed","Pet STA (async completion marshaled); referenced owner may execute elsewhere","PetForm lifetime; collection entries removed/reset per feature","DisplayRuntime","Read list includes writes; lexical write/mutator index, inspect referenced method for indirect effects / finally. Constants and event declarations retained."
"_preAlertItem","desktop-pet/PetForm.cs:98","K Bubble/daily/reminder","desktop-pet/PetBubbleCoordinator.cs:319 ShowOrUpdatePreAlert; desktop-pet/PetBubbleCoordinator.cs:392 BubbleMessageClosed; desktop-pet/PetReminderWindowsCoordinator.cs:133 CancelReminderForNote; desktop-pet/PetReminderWindowsCoordinator.cs:212 CancelReminder","desktop-pet/PetBubbleCoordinator.cs:319 ShowOrUpdatePreAlert; desktop-pet/PetBubbleCoordinator.cs:392 BubbleMessageClosed","Pet STA (async completion marshaled); referenced owner may execute elsewhere","proxy, no independent storage","existing PetReminderCoordinator","Forwarding property, not duplicate storage"
"_row","desktop-pet/PetForm.cs:101","B Animation/hover","desktop-pet/PetForm.cs:195 PetForm; desktop-pet/PetAnimationRuntime.cs:16 AnimationTick; desktop-pet/PetAnimationRuntime.cs:124 ScheduleNextFrame; desktop-pet/PetAnimationRuntime.cs:296 StartProtectedSmallTalkAnimation; desktop-pet/PetAnimationRuntime.cs:309 StartNotificationPokeAnimation; desktop-pet/PetAnimationRuntime.cs:324 StartOrdinaryPokeAnimation; desktop-pet/PetAnimationRuntime.cs:341 StartPokeEasterEgg; desktop-pet/PetAnimationRuntime.cs:496 RenderCurrentFrame; desktop-pet/PetAnimationRuntime.cs:508 BuildRenderedFrameCache; desktop-pet/PetReminderWindowsCoordinator.cs:289 BeginReminderAttentionAnimation; desktop-pet/PetMenuActions.cs:226 BeginExitSequence","desktop-pet/PetForm.cs:195 PetForm; desktop-pet/PetAnimationRuntime.cs:16 AnimationTick; desktop-pet/PetAnimationRuntime.cs:296 StartProtectedSmallTalkAnimation; desktop-pet/PetAnimationRuntime.cs:309 StartNotificationPokeAnimation; desktop-pet/PetAnimationRuntime.cs:324 StartOrdinaryPokeAnimation; desktop-pet/PetAnimationRuntime.cs:341 StartPokeEasterEgg; desktop-pet/PetMenuActions.cs:226 BeginExitSequence","Pet STA (async completion marshaled); referenced owner may execute elsewhere","proxy, no independent storage","existing animation owner + hover lifecycle","Forwarding property, not duplicate storage"
"_frame","desktop-pet/PetForm.cs:103","B Animation/hover","desktop-pet/PetAnimationRuntime.cs:16 AnimationTick; desktop-pet/PetAnimationRuntime.cs:124 ScheduleNextFrame; desktop-pet/PetAnimationRuntime.cs:296 StartProtectedSmallTalkAnimation; desktop-pet/PetAnimationRuntime.cs:309 StartNotificationPokeAnimation; desktop-pet/PetAnimationRuntime.cs:324 StartOrdinaryPokeAnimation; desktop-pet/PetAnimationRuntime.cs:341 StartPokeEasterEgg; desktop-pet/PetAnimationRuntime.cs:496 RenderCurrentFrame; desktop-pet/PetReminderWindowsCoordinator.cs:289 BeginReminderAttentionAnimation; desktop-pet/PetMenuActions.cs:226 BeginExitSequence","desktop-pet/PetAnimationRuntime.cs:16 AnimationTick; desktop-pet/PetAnimationRuntime.cs:296 StartProtectedSmallTalkAnimation; desktop-pet/PetAnimationRuntime.cs:309 StartNotificationPokeAnimation; desktop-pet/PetAnimationRuntime.cs:324 StartOrdinaryPokeAnimation; desktop-pet/PetAnimationRuntime.cs:341 StartPokeEasterEgg; desktop-pet/PetAnimationRuntime.cs:496 RenderCurrentFrame; desktop-pet/PetReminderWindowsCoordinator.cs:289 BeginReminderAttentionAnimation; desktop-pet/PetMenuActions.cs:226 BeginExitSequence","Pet STA (async completion marshaled); referenced owner may execute elsewhere","proxy, no independent storage","existing animation owner + hover lifecycle","Forwarding property, not duplicate storage"
"_dragging","desktop-pet/PetForm.cs:105","A Window shell","desktop-pet/PetForm.cs:195 PetForm; desktop-pet/PetForm.cs:495 OnDpiChanged; desktop-pet/PetAnimationRuntime.cs:16 AnimationTick; desktop-pet/PetAnimationRuntime.cs:137 ChooseRow; desktop-pet/PetAnimationRuntime.cs:152 PetMouseDown; desktop-pet/PetAnimationRuntime.cs:169 PetMouseMove; desktop-pet/PetAnimationRuntime.cs:186 PetMouseUp; desktop-pet/PetDisplayRuntime.cs:388 ReconcilePetDisplayPlacement; desktop-pet/PetBubbleCoordinator.cs:319 ShowOrUpdatePreAlert; desktop-pet/PetBubbleCoordinator.cs:344 ShowOrUpdateHoverBubble; desktop-pet/PetBubbleCoordinator.cs:397 RestoreAmbientBubble; desktop-pet/PetMenuActions.cs:226 BeginExitSequence; desktop-pet/Features/KeyboardOverlay/PetKeyboardOverlayCoordinator.cs:42 ProcessPendingKeyboardActivity; desktop-pet/Features/KeyboardOverlay/PetKeyboardOverlayCoordinator.cs:94 PrivacyCheckedOverlayWorker","desktop-pet/PetAnimationRuntime.cs:152 PetMouseDown; desktop-pet/PetAnimationRuntime.cs:186 PetMouseUp; desktop-pet/PetMenuActions.cs:226 BeginExitSequence","Pet STA (async completion marshaled); referenced owner may execute elsewhere","PetForm lifetime; collection entries removed/reset per feature","PetForm shell","Read list includes writes; lexical write/mutator index, inspect referenced method for indirect effects / finally. Constants and event declarations retained."
"_dragMoved","desktop-pet/PetForm.cs:106","A Window shell","desktop-pet/PetAnimationRuntime.cs:16 AnimationTick; desktop-pet/PetAnimationRuntime.cs:137 ChooseRow; desktop-pet/PetAnimationRuntime.cs:152 PetMouseDown; desktop-pet/PetAnimationRuntime.cs:169 PetMouseMove; desktop-pet/PetAnimationRuntime.cs:186 PetMouseUp","desktop-pet/PetAnimationRuntime.cs:152 PetMouseDown; desktop-pet/PetAnimationRuntime.cs:169 PetMouseMove; desktop-pet/PetAnimationRuntime.cs:186 PetMouseUp","Pet STA (async completion marshaled); referenced owner may execute elsewhere","PetForm lifetime; collection entries removed/reset per feature","PetForm shell","Read list includes writes; lexical write/mutator index, inspect referenced method for indirect effects / finally. Constants and event declarations retained."
"_dragMouseOrigin","desktop-pet/PetForm.cs:107","A Window shell","desktop-pet/PetForm.cs:495 OnDpiChanged; desktop-pet/PetAnimationRuntime.cs:152 PetMouseDown; desktop-pet/PetAnimationRuntime.cs:169 PetMouseMove","desktop-pet/PetForm.cs:495 OnDpiChanged; desktop-pet/PetAnimationRuntime.cs:152 PetMouseDown","Pet STA (async completion marshaled); referenced owner may execute elsewhere","PetForm lifetime; collection entries removed/reset per feature","PetForm shell","Read list includes writes; lexical write/mutator index, inspect referenced method for indirect effects / finally. Constants and event declarations retained."
"_dragWindowOrigin","desktop-pet/PetForm.cs:108","A Window shell","desktop-pet/PetForm.cs:495 OnDpiChanged; desktop-pet/PetAnimationRuntime.cs:152 PetMouseDown; desktop-pet/PetAnimationRuntime.cs:169 PetMouseMove; desktop-pet/PetAnimationRuntime.cs:186 PetMouseUp","desktop-pet/PetForm.cs:495 OnDpiChanged; desktop-pet/PetAnimationRuntime.cs:152 PetMouseDown","Pet STA (async completion marshaled); referenced owner may execute elsewhere","PetForm lifetime; collection entries removed/reset per feature","PetForm shell","Read list includes writes; lexical write/mutator index, inspect referenced method for indirect effects / finally. Constants and event declarations retained."
"_typingSession","desktop-pet/PetForm.cs:109","B Animation/hover","desktop-pet/PetAnimationRuntime.cs:16 AnimationTick; desktop-pet/PetAnimationRuntime.cs:152 PetMouseDown; desktop-pet/PetAnimationRuntime.cs:296 StartProtectedSmallTalkAnimation; desktop-pet/PetAnimationRuntime.cs:309 StartNotificationPokeAnimation; desktop-pet/PetAnimationRuntime.cs:324 StartOrdinaryPokeAnimation; desktop-pet/PetAnimationRuntime.cs:341 StartPokeEasterEgg; desktop-pet/PetAnimationRuntime.cs:368 TriggerTypingAnimation; desktop-pet/PetMenuActions.cs:226 BeginExitSequence","desktop-pet/PetAnimationRuntime.cs:16 AnimationTick; desktop-pet/PetAnimationRuntime.cs:152 PetMouseDown; desktop-pet/PetAnimationRuntime.cs:296 StartProtectedSmallTalkAnimation; desktop-pet/PetAnimationRuntime.cs:309 StartNotificationPokeAnimation; desktop-pet/PetAnimationRuntime.cs:324 StartOrdinaryPokeAnimation; desktop-pet/PetAnimationRuntime.cs:341 StartPokeEasterEgg; desktop-pet/PetAnimationRuntime.cs:368 TriggerTypingAnimation; desktop-pet/PetMenuActions.cs:226 BeginExitSequence","Pet STA (async completion marshaled); referenced owner may execute elsewhere","proxy, no independent storage","existing animation owner + hover lifecycle","Forwarding property, not duplicate storage"
"_typingRow","desktop-pet/PetForm.cs:111","B Animation/hover","desktop-pet/PetAnimationRuntime.cs:368 TriggerTypingAnimation","desktop-pet/PetAnimationRuntime.cs:368 TriggerTypingAnimation","Pet STA (async completion marshaled); referenced owner may execute elsewhere","proxy, no independent storage","existing animation owner + hover lifecycle","Forwarding property, not duplicate storage"
"_idleRow","desktop-pet/PetForm.cs:113","B Animation/hover","desktop-pet/PetForm.cs:195 PetForm; desktop-pet/PetAnimationRuntime.cs:16 AnimationTick","desktop-pet/PetForm.cs:195 PetForm; desktop-pet/PetAnimationRuntime.cs:16 AnimationTick","Pet STA (async completion marshaled); referenced owner may execute elsewhere","proxy, no independent storage","existing animation owner + hover lifecycle","Forwarding property, not duplicate storage"
"_typingUntilUtc","desktop-pet/PetForm.cs:115","B Animation/hover","desktop-pet/PetAnimationRuntime.cs:16 AnimationTick; desktop-pet/PetAnimationRuntime.cs:368 TriggerTypingAnimation","desktop-pet/PetAnimationRuntime.cs:368 TriggerTypingAnimation","Pet STA (async completion marshaled); referenced owner may execute elsewhere","proxy, no independent storage","existing animation owner + hover lifecycle","Forwarding property, not duplicate storage"
"_reminderAttentionActive","desktop-pet/PetForm.cs:117","K Bubble/daily/reminder","desktop-pet/PetAnimationRuntime.cs:16 AnimationTick; desktop-pet/PetReminderWindowsCoordinator.cs:289 BeginReminderAttentionAnimation","desktop-pet/PetAnimationRuntime.cs:16 AnimationTick; desktop-pet/PetReminderWindowsCoordinator.cs:289 BeginReminderAttentionAnimation","Pet STA (async completion marshaled); referenced owner may execute elsewhere","proxy, no independent storage","existing PetReminderCoordinator","Forwarding property, not duplicate storage"
"_nextFrameUtc","desktop-pet/PetForm.cs:120","B Animation/hover","desktop-pet/PetForm.cs:195 PetForm; desktop-pet/PetAnimationRuntime.cs:16 AnimationTick; desktop-pet/PetAnimationRuntime.cs:124 ScheduleNextFrame; desktop-pet/PetReminderWindowsCoordinator.cs:289 BeginReminderAttentionAnimation; desktop-pet/PetMenuActions.cs:226 BeginExitSequence","desktop-pet/PetForm.cs:195 PetForm; desktop-pet/PetAnimationRuntime.cs:124 ScheduleNextFrame; desktop-pet/PetReminderWindowsCoordinator.cs:289 BeginReminderAttentionAnimation; desktop-pet/PetMenuActions.cs:226 BeginExitSequence","Pet STA (async completion marshaled); referenced owner may execute elsewhere","proxy, no independent storage","existing animation owner + hover lifecycle","Forwarding property, not duplicate storage"
"_exiting","desktop-pet/PetForm.cs:122","A Window shell","desktop-pet/Features/StickyNotes/PetStickyWindowCoordinator.cs:1130 HostedStickyFaulted; desktop-pet/Features/StickyNotes/PetStickyWindowCoordinator.cs:1142 HostedStickyEventReceived; desktop-pet/PetForm.cs:195 PetForm; desktop-pet/PetAnimationRuntime.cs:16 AnimationTick; desktop-pet/PetAnimationRuntime.cs:124 ScheduleNextFrame; desktop-pet/PetAnimationRuntime.cs:137 ChooseRow; desktop-pet/PetAnimationRuntime.cs:152 PetMouseDown; desktop-pet/PetAnimationRuntime.cs:219 HandlePetPokedAsync; desktop-pet/PetAnimationRuntime.cs:389 QueueStartupInteractionPreload; desktop-pet/PetAnimationRuntime.cs:455 QueueArtPreload; desktop-pet/PetBubbleCoordinator.cs:319 ShowOrUpdatePreAlert; desktop-pet/PetBubbleCoordinator.cs:344 ShowOrUpdateHoverBubble; desktop-pet/PetBubbleCoordinator.cs:397 RestoreAmbientBubble; desktop-pet/PetReminderWindowsCoordinator.cs:149 ReminderTick; desktop-pet/PetReminderWindowsCoordinator.cs:256 RequestReminderAttentionAnimation; desktop-pet/PetReminderWindowsCoordinator.cs:289 BeginReminderAttentionAnimation; desktop-pet/Features/StickyNotes/PetPersistenceCoordinator.cs:12 PersistenceSaveFailed; desktop-pet/Features/StickyNotes/PetPersistenceCoordinator.cs:28 RetryUnsavedPersistence; desktop-pet/Features/StickyNotes/PetPersistenceCoordinator.cs:137 PrepareStickyNotesImport; desktop-pet/Features/StickyNotes/PetPersistenceCoordinator.cs:247 RestoreStickyNotesBackup; desktop-pet/PetMenuActions.cs:226 BeginExitSequence; desktop-pet/Features/KeyboardOverlay/PetKeyboardOverlayCoordinator.cs:42 ProcessPendingKeyboardActivity; desktop-pet/Features/KeyboardOverlay/PetKeyboardOverlayCoordinator.cs:94 PrivacyCheckedOverlayWorker; desktop-pet/PetStartupCoordinator.cs:26 DeferredStartupTick; desktop-pet/PetStartupCoordinator.cs:113 TryRaiseStartupReady","desktop-pet/PetMenuActions.cs:226 BeginExitSequence","Pet STA (async completion marshaled); referenced owner may execute elsewhere","PetForm lifetime; collection entries removed/reset per feature","PetForm shell","Read list includes writes; lexical write/mutator index, inspect referenced method for indirect effects / finally. Constants and event declarations retained."
"_scalePercent","desktop-pet/PetForm.cs:123","D Display","desktop-pet/PetForm.cs:195 PetForm; desktop-pet/PetForm.cs:616 ApplyCurrentDisplayScale; desktop-pet/PetForm.cs:799 SaveLocation; desktop-pet/PetAnimationRuntime.cs:508 BuildRenderedFrameCache; desktop-pet/PetDisplayRuntime.cs:74 UpdatePetCompatibilityLocation; desktop-pet/PetMenuActions.cs:20 RefreshMenuText; desktop-pet/PetMenuActions.cs:60 ShowScaleDialog; desktop-pet/PetMenuActions.cs:104 ApplyScale","desktop-pet/PetForm.cs:195 PetForm; desktop-pet/PetMenuActions.cs:104 ApplyScale","Pet STA (async completion marshaled); referenced owner may execute elsewhere","PetForm lifetime; collection entries removed/reset per feature","DisplayRuntime","Read list includes writes; lexical write/mutator index, inspect referenced method for indirect effects / finally. Constants and event declarations retained."
"_latestKeyboardEvent","desktop-pet/PetForm.cs:124","J Keyboard/input","desktop-pet/Features/KeyboardOverlay/PetKeyboardOverlayCoordinator.cs:14 KeyboardActivity; desktop-pet/Features/KeyboardOverlay/PetKeyboardOverlayCoordinator.cs:42 ProcessPendingKeyboardActivity","desktop-pet/Features/KeyboardOverlay/PetKeyboardOverlayCoordinator.cs:14 KeyboardActivity; desktop-pet/Features/KeyboardOverlay/PetKeyboardOverlayCoordinator.cs:42 ProcessPendingKeyboardActivity","Hook / Pet STA, lock _keyboardQueueGate","PetForm lifetime; collection entries removed/reset per feature","existing keyboard policy + Pet input lifecycle","Read list includes writes; lexical write/mutator index, inspect referenced method for indirect effects / finally. Constants and event declarations retained."
"_pendingKeyboardOccurrences","desktop-pet/PetForm.cs:125","J Keyboard/input","desktop-pet/Features/KeyboardOverlay/PetKeyboardOverlayCoordinator.cs:14 KeyboardActivity; desktop-pet/Features/KeyboardOverlay/PetKeyboardOverlayCoordinator.cs:42 ProcessPendingKeyboardActivity","desktop-pet/Features/KeyboardOverlay/PetKeyboardOverlayCoordinator.cs:14 KeyboardActivity; desktop-pet/Features/KeyboardOverlay/PetKeyboardOverlayCoordinator.cs:42 ProcessPendingKeyboardActivity","Hook / Pet STA, lock _keyboardQueueGate","PetForm lifetime; collection entries removed/reset per feature","existing keyboard policy + Pet input lifecycle","Read list includes writes; lexical write/mutator index, inspect referenced method for indirect effects / finally. Constants and event declarations retained."
"_keyboardUiDispatchQueued","desktop-pet/PetForm.cs:126","J Keyboard/input","desktop-pet/Features/KeyboardOverlay/PetKeyboardOverlayCoordinator.cs:14 KeyboardActivity; desktop-pet/Features/KeyboardOverlay/PetKeyboardOverlayCoordinator.cs:42 ProcessPendingKeyboardActivity","desktop-pet/Features/KeyboardOverlay/PetKeyboardOverlayCoordinator.cs:14 KeyboardActivity; desktop-pet/Features/KeyboardOverlay/PetKeyboardOverlayCoordinator.cs:42 ProcessPendingKeyboardActivity","Hook / Pet STA, lock _keyboardQueueGate","PetForm lifetime; collection entries removed/reset per feature","existing keyboard policy + Pet input lifecycle","Read list includes writes; lexical write/mutator index, inspect referenced method for indirect effects / finally. Constants and event declarations retained."
"_privacyScanRunning","desktop-pet/PetForm.cs:127","J Keyboard/input","desktop-pet/Features/KeyboardOverlay/PetKeyboardOverlayCoordinator.cs:68 QueuePrivacyCheckedOverlay; desktop-pet/Features/KeyboardOverlay/PetKeyboardOverlayCoordinator.cs:94 PrivacyCheckedOverlayWorker","desktop-pet/Features/KeyboardOverlay/PetKeyboardOverlayCoordinator.cs:68 QueuePrivacyCheckedOverlay; desktop-pet/Features/KeyboardOverlay/PetKeyboardOverlayCoordinator.cs:94 PrivacyCheckedOverlayWorker","Pet STA (async completion marshaled); referenced owner may execute elsewhere","PetForm lifetime; collection entries removed/reset per feature","existing keyboard policy + Pet input lifecycle","Read list includes writes; lexical write/mutator index, inspect referenced method for indirect effects / finally. Constants and event declarations retained."
"_pendingOverlayText","desktop-pet/PetForm.cs:128","J Keyboard/input","desktop-pet/Features/KeyboardOverlay/PetKeyboardOverlayCoordinator.cs:68 QueuePrivacyCheckedOverlay; desktop-pet/Features/KeyboardOverlay/PetKeyboardOverlayCoordinator.cs:94 PrivacyCheckedOverlayWorker","desktop-pet/Features/KeyboardOverlay/PetKeyboardOverlayCoordinator.cs:68 QueuePrivacyCheckedOverlay","Pet STA (async completion marshaled); referenced owner may execute elsewhere","PetForm lifetime; collection entries removed/reset per feature","existing keyboard policy + Pet input lifecycle","Read list includes writes; lexical write/mutator index, inspect referenced method for indirect effects / finally. Constants and event declarations retained."
"_pendingOverlayOccurrences","desktop-pet/PetForm.cs:129","J Keyboard/input","desktop-pet/Features/KeyboardOverlay/PetKeyboardOverlayCoordinator.cs:68 QueuePrivacyCheckedOverlay; desktop-pet/Features/KeyboardOverlay/PetKeyboardOverlayCoordinator.cs:94 PrivacyCheckedOverlayWorker","desktop-pet/Features/KeyboardOverlay/PetKeyboardOverlayCoordinator.cs:68 QueuePrivacyCheckedOverlay; desktop-pet/Features/KeyboardOverlay/PetKeyboardOverlayCoordinator.cs:94 PrivacyCheckedOverlayWorker","Pet STA (async completion marshaled); referenced owner may execute elsewhere","PetForm lifetime; collection entries removed/reset per feature","existing keyboard policy + Pet input lifecycle","Read list includes writes; lexical write/mutator index, inspect referenced method for indirect effects / finally. Constants and event declarations retained."
"_pendingOverlayVirtualKeyCode","desktop-pet/PetForm.cs:130","J Keyboard/input","desktop-pet/Features/KeyboardOverlay/PetKeyboardOverlayCoordinator.cs:68 QueuePrivacyCheckedOverlay; desktop-pet/Features/KeyboardOverlay/PetKeyboardOverlayCoordinator.cs:94 PrivacyCheckedOverlayWorker","desktop-pet/Features/KeyboardOverlay/PetKeyboardOverlayCoordinator.cs:68 QueuePrivacyCheckedOverlay","Pet STA (async completion marshaled); referenced owner may execute elsewhere","PetForm lifetime; collection entries removed/reset per feature","existing keyboard policy + Pet input lifecycle","Read list includes writes; lexical write/mutator index, inspect referenced method for indirect effects / finally. Constants and event declarations retained."
"_pendingOverlayFocusSnapshot","desktop-pet/PetForm.cs:131","J Keyboard/input","desktop-pet/Features/KeyboardOverlay/PetKeyboardOverlayCoordinator.cs:68 QueuePrivacyCheckedOverlay; desktop-pet/Features/KeyboardOverlay/PetKeyboardOverlayCoordinator.cs:94 PrivacyCheckedOverlayWorker","desktop-pet/Features/KeyboardOverlay/PetKeyboardOverlayCoordinator.cs:68 QueuePrivacyCheckedOverlay","Pet STA (async completion marshaled); referenced owner may execute elsewhere","PetForm lifetime; collection entries removed/reset per feature","existing keyboard policy + Pet input lifecycle","Read list includes writes; lexical write/mutator index, inspect referenced method for indirect effects / finally. Constants and event declarations retained."
"_pendingOverlayGeneration","desktop-pet/PetForm.cs:132","J Keyboard/input","desktop-pet/Features/KeyboardOverlay/PetKeyboardOverlayCoordinator.cs:68 QueuePrivacyCheckedOverlay; desktop-pet/Features/KeyboardOverlay/PetKeyboardOverlayCoordinator.cs:94 PrivacyCheckedOverlayWorker","desktop-pet/Features/KeyboardOverlay/PetKeyboardOverlayCoordinator.cs:68 QueuePrivacyCheckedOverlay","Pet STA (async completion marshaled); referenced owner may execute elsewhere","PetForm lifetime; collection entries removed/reset per feature","existing keyboard policy + Pet input lifecycle","Read list includes writes; lexical write/mutator index, inspect referenced method for indirect effects / finally. Constants and event declarations retained."
"_positioningNoteTabs","desktop-pet/PetForm.cs:133","H SideTabs","desktop-pet/Features/StickyNotes/PetStickyWindowCoordinator.cs:2821 PositionNoteTabs","desktop-pet/Features/StickyNotes/PetStickyWindowCoordinator.cs:2821 PositionNoteTabs","Pet STA (async completion marshaled); referenced owner may execute elsewhere","PetForm lifetime; collection entries removed/reset per feature","SideTabController","Read list includes writes; lexical write/mutator index, inspect referenced method for indirect effects / finally. Constants and event declarations retained."
"_noteTabsSignature","desktop-pet/PetForm.cs:134","H SideTabs","desktop-pet/Features/StickyNotes/PetStickyWindowCoordinator.cs:2588 ReorderStickyNoteTab; desktop-pet/Features/StickyNotes/PetStickyWindowCoordinator.cs:2682 RefreshNoteTabs; desktop-pet/Features/StickyNotes/PetStickyWindowCoordinator.cs:2821 PositionNoteTabs","desktop-pet/Features/StickyNotes/PetStickyWindowCoordinator.cs:2588 ReorderStickyNoteTab; desktop-pet/Features/StickyNotes/PetStickyWindowCoordinator.cs:2682 RefreshNoteTabs; desktop-pet/Features/StickyNotes/PetStickyWindowCoordinator.cs:2821 PositionNoteTabs","Pet STA (async completion marshaled); referenced owner may execute elsewhere","PetForm lifetime; collection entries removed/reset per feature","SideTabController","Read list includes writes; lexical write/mutator index, inspect referenced method for indirect effects / finally. Constants and event declarations retained."
"_leftTabsCovered","desktop-pet/PetForm.cs:135","H SideTabs","desktop-pet/Features/StickyNotes/PetStickyWindowCoordinator.cs:2792 ApplyNoteTabZOrder","desktop-pet/Features/StickyNotes/PetStickyWindowCoordinator.cs:2792 ApplyNoteTabZOrder","Pet STA (async completion marshaled); referenced owner may execute elsewhere","PetForm lifetime; collection entries removed/reset per feature","SideTabController","Read list includes writes; lexical write/mutator index, inspect referenced method for indirect effects / finally. Constants and event declarations retained."
"_rightTabsCovered","desktop-pet/PetForm.cs:136","H SideTabs","desktop-pet/Features/StickyNotes/PetStickyWindowCoordinator.cs:2792 ApplyNoteTabZOrder","desktop-pet/Features/StickyNotes/PetStickyWindowCoordinator.cs:2792 ApplyNoteTabZOrder","Pet STA (async completion marshaled); referenced owner may execute elsewhere","PetForm lifetime; collection entries removed/reset per feature","SideTabController","Read list includes writes; lexical write/mutator index, inspect referenced method for indirect effects / finally. Constants and event declarations retained."
"_activeNoteDragId","desktop-pet/PetForm.cs:137","G Dock","desktop-pet/Features/StickyNotes/PetStickyWindowCoordinator.cs:499 ResumeDockDragAfterTopologyChange; desktop-pet/Features/StickyNotes/PetStickyWindowCoordinator.cs:553 ReconcileDockGroups; desktop-pet/Features/StickyNotes/PetStickyWindowCoordinator.cs:1478 ScheduleLatestStandaloneReconcile; desktop-pet/Features/StickyNotes/PetStickyDockCoordinator.cs:246 BeginStickyDockDrag; desktop-pet/Features/StickyNotes/PetStickyDockCoordinator.cs:332 MoveStickyDockDrag; desktop-pet/Features/StickyNotes/PetStickyDockCoordinator.cs:524 CompleteStickyDockDrag; desktop-pet/Features/StickyNotes/PetStickyDockCoordinator.cs:635 ResetDockDragState; desktop-pet/Features/StickyNotes/PetStickyDockCoordinator.cs:1077 BeginHostedStickyDockDivider; desktop-pet/Features/StickyNotes/PetStickyDockCoordinator.cs:1107 ResizeHostedStickyDockDivider; desktop-pet/Features/StickyNotes/PetStickyDockCoordinator.cs:1211 ResizeStickyDockGroup","desktop-pet/Features/StickyNotes/PetStickyDockCoordinator.cs:246 BeginStickyDockDrag; desktop-pet/Features/StickyNotes/PetStickyDockCoordinator.cs:635 ResetDockDragState","Pet STA (async completion marshaled); referenced owner may execute elsewhere","gesture / effect scope; see lifecycle table","DockInteractionRuntime","Read list includes writes; lexical write/mutator index, inspect referenced method for indirect effects / finally. Constants and event declarations retained."
"_activeDockGroupIds","desktop-pet/PetForm.cs:138","G Dock","desktop-pet/Features/StickyNotes/PetStickyWindowCoordinator.cs:499 ResumeDockDragAfterTopologyChange; desktop-pet/Features/StickyNotes/PetStickyDockCoordinator.cs:214 BuildActiveDockZOrderIds; desktop-pet/Features/StickyNotes/PetStickyDockCoordinator.cs:246 BeginStickyDockDrag; desktop-pet/Features/StickyNotes/PetStickyDockCoordinator.cs:579 StartDockFinalization; desktop-pet/Features/StickyNotes/PetStickyDockCoordinator.cs:635 ResetDockDragState; desktop-pet/Features/StickyNotes/PetStickyDockCoordinator.cs:769 SetActiveDockGroup; desktop-pet/Features/StickyNotes/PetStickyDockCoordinator.cs:1368 FindActiveDockTail; desktop-pet/Features/StickyNotes/PetStickyDockCoordinator.cs:1464 FindDockTarget; desktop-pet/Features/StickyNotes/PetStickyDockCoordinator.cs:1512 CanUseDockComponents","desktop-pet/Features/StickyNotes/PetStickyWindowCoordinator.cs:499 ResumeDockDragAfterTopologyChange; desktop-pet/Features/StickyNotes/PetStickyDockCoordinator.cs:246 BeginStickyDockDrag; desktop-pet/Features/StickyNotes/PetStickyDockCoordinator.cs:635 ResetDockDragState; desktop-pet/Features/StickyNotes/PetStickyDockCoordinator.cs:769 SetActiveDockGroup","Pet STA (async completion marshaled); referenced owner may execute elsewhere","gesture / effect scope; see lifecycle table","DockInteractionRuntime","Read list includes writes; lexical write/mutator index, inspect referenced method for indirect effects / finally. Constants and event declarations retained."
"_activeDockOriginalFacts","desktop-pet/PetForm.cs:140","G Dock","desktop-pet/Features/StickyNotes/PetStickyDockCoordinator.cs:115 TryApplyDockFactsBarrier; desktop-pet/Features/StickyNotes/PetStickyDockCoordinator.cs:246 BeginStickyDockDrag; desktop-pet/Features/StickyNotes/PetStickyDockCoordinator.cs:635 ResetDockDragState; desktop-pet/Features/StickyNotes/PetStickyDockCoordinator.cs:1296 RestoreDockOriginalLocations","desktop-pet/Features/StickyNotes/PetStickyDockCoordinator.cs:115 TryApplyDockFactsBarrier; desktop-pet/Features/StickyNotes/PetStickyDockCoordinator.cs:246 BeginStickyDockDrag; desktop-pet/Features/StickyNotes/PetStickyDockCoordinator.cs:635 ResetDockDragState; desktop-pet/Features/StickyNotes/PetStickyDockCoordinator.cs:1296 RestoreDockOriginalLocations","Pet STA (async completion marshaled); referenced owner may execute elsewhere","gesture / effect scope; see lifecycle table","DockInteractionRuntime","Read list includes writes; lexical write/mutator index, inspect referenced method for indirect effects / finally. Constants and event declarations retained."
"_activeDockCurrentFacts","desktop-pet/PetForm.cs:144","G Dock","desktop-pet/Features/StickyNotes/PetStickyWindowCoordinator.cs:499 ResumeDockDragAfterTopologyChange; desktop-pet/Features/StickyNotes/PetStickyDockCoordinator.cs:115 TryApplyDockFactsBarrier; desktop-pet/Features/StickyNotes/PetStickyDockCoordinator.cs:246 BeginStickyDockDrag; desktop-pet/Features/StickyNotes/PetStickyDockCoordinator.cs:332 MoveStickyDockDrag; desktop-pet/Features/StickyNotes/PetStickyDockCoordinator.cs:635 ResetDockDragState; desktop-pet/Features/StickyNotes/PetStickyDockCoordinator.cs:832 RememberActiveDockFacts","desktop-pet/Features/StickyNotes/PetStickyDockCoordinator.cs:115 TryApplyDockFactsBarrier; desktop-pet/Features/StickyNotes/PetStickyDockCoordinator.cs:246 BeginStickyDockDrag; desktop-pet/Features/StickyNotes/PetStickyDockCoordinator.cs:635 ResetDockDragState","Pet STA (async completion marshaled); referenced owner may execute elsewhere","gesture / effect scope; see lifecycle table","DockInteractionRuntime","Read list includes writes; lexical write/mutator index, inspect referenced method for indirect effects / finally. Constants and event declarations retained."
"DockCoordinateSafetyLimit","desktop-pet/PetForm.cs:151","G Dock","desktop-pet/Features/StickyNotes/PetStickyDockCoordinator.cs:987 CanSafelyCombineDockComponents","","Pet STA (async completion marshaled); referenced owner may execute elsewhere","PetForm lifetime; collection entries removed/reset per feature","DockInteractionRuntime","Read list includes writes; lexical write/mutator index, inspect referenced method for indirect effects / finally. Constants and event declarations retained."
"_activeNoteDragStartFacts","desktop-pet/PetForm.cs:152","G Dock","desktop-pet/Features/StickyNotes/PetStickyDockCoordinator.cs:246 BeginStickyDockDrag; desktop-pet/Features/StickyNotes/PetStickyDockCoordinator.cs:332 MoveStickyDockDrag","desktop-pet/Features/StickyNotes/PetStickyDockCoordinator.cs:246 BeginStickyDockDrag","Pet STA (async completion marshaled); referenced owner may execute elsewhere","gesture / effect scope; see lifecycle table","DockInteractionRuntime","Read list includes writes; lexical write/mutator index, inspect referenced method for indirect effects / finally. Constants and event declarations retained."
"_activeNoteDragLastFacts","desktop-pet/PetForm.cs:153","G Dock","desktop-pet/Features/StickyNotes/PetStickyWindowCoordinator.cs:499 ResumeDockDragAfterTopologyChange; desktop-pet/Features/StickyNotes/PetStickyDockCoordinator.cs:246 BeginStickyDockDrag; desktop-pet/Features/StickyNotes/PetStickyDockCoordinator.cs:332 MoveStickyDockDrag","desktop-pet/Features/StickyNotes/PetStickyWindowCoordinator.cs:499 ResumeDockDragAfterTopologyChange; desktop-pet/Features/StickyNotes/PetStickyDockCoordinator.cs:246 BeginStickyDockDrag; desktop-pet/Features/StickyNotes/PetStickyDockCoordinator.cs:332 MoveStickyDockDrag","Pet STA (async completion marshaled); referenced owner may execute elsewhere","gesture / effect scope; see lifecycle table","DockInteractionRuntime","Read list includes writes; lexical write/mutator index, inspect referenced method for indirect effects / finally. Constants and event declarations retained."
"_activeNoteDragStartedUtc","desktop-pet/PetForm.cs:154","G Dock","desktop-pet/Features/StickyNotes/PetStickyDockCoordinator.cs:246 BeginStickyDockDrag; desktop-pet/Features/StickyNotes/PetStickyDockCoordinator.cs:332 MoveStickyDockDrag","desktop-pet/Features/StickyNotes/PetStickyDockCoordinator.cs:246 BeginStickyDockDrag","Pet STA (async completion marshaled); referenced owner may execute elsewhere","gesture / effect scope; see lifecycle table","DockInteractionRuntime","Read list includes writes; lexical write/mutator index, inspect referenced method for indirect effects / finally. Constants and event declarations retained."
"_dockPreviewParentNoteId","desktop-pet/PetForm.cs:155","G Dock","desktop-pet/Features/StickyNotes/PetStickyDockCoordinator.cs:1417 UpdateDockPreview; desktop-pet/Features/StickyNotes/PetStickyDockCoordinator.cs:1554 ClearDockPreview","desktop-pet/Features/StickyNotes/PetStickyDockCoordinator.cs:1417 UpdateDockPreview; desktop-pet/Features/StickyNotes/PetStickyDockCoordinator.cs:1554 ClearDockPreview","Pet STA (async completion marshaled); referenced owner may execute elsewhere","gesture / effect scope; see lifecycle table","DockInteractionRuntime","Read list includes writes; lexical write/mutator index, inspect referenced method for indirect effects / finally. Constants and event declarations retained."
"_dockPreviewChildNoteId","desktop-pet/PetForm.cs:156","G Dock","desktop-pet/Features/StickyNotes/PetStickyDockCoordinator.cs:1417 UpdateDockPreview; desktop-pet/Features/StickyNotes/PetStickyDockCoordinator.cs:1554 ClearDockPreview","desktop-pet/Features/StickyNotes/PetStickyDockCoordinator.cs:1417 UpdateDockPreview; desktop-pet/Features/StickyNotes/PetStickyDockCoordinator.cs:1554 ClearDockPreview","Pet STA (async completion marshaled); referenced owner may execute elsewhere","gesture / effect scope; see lifecycle table","DockInteractionRuntime","Read list includes writes; lexical write/mutator index, inspect referenced method for indirect effects / finally. Constants and event declarations retained."
"_dockPreviewIndicator","desktop-pet/PetForm.cs:157","G Dock","desktop-pet/Features/StickyNotes/PetStickyDockCoordinator.cs:1417 UpdateDockPreview; desktop-pet/Features/StickyNotes/PetStickyDockCoordinator.cs:1554 ClearDockPreview","desktop-pet/Features/StickyNotes/PetStickyDockCoordinator.cs:1417 UpdateDockPreview; desktop-pet/Features/StickyNotes/PetStickyDockCoordinator.cs:1554 ClearDockPreview","Pet STA (async completion marshaled); referenced owner may execute elsewhere","gesture / effect scope; see lifecycle table","DockInteractionRuntime","Read list includes writes; lexical write/mutator index, inspect referenced method for indirect effects / finally. Constants and event declarations retained."
"_splitGuideIndicator","desktop-pet/PetForm.cs:158","G Dock","desktop-pet/Features/StickyNotes/PetStickyDockCoordinator.cs:1380 ShowSplitGuide; desktop-pet/Features/StickyNotes/PetStickyDockCoordinator.cs:1396 UpdateSplitGuide; desktop-pet/Features/StickyNotes/PetStickyDockCoordinator.cs:1409 ClearSplitGuide","desktop-pet/Features/StickyNotes/PetStickyDockCoordinator.cs:1380 ShowSplitGuide; desktop-pet/Features/StickyNotes/PetStickyDockCoordinator.cs:1409 ClearSplitGuide","Pet STA (async completion marshaled); referenced owner may execute elsewhere","PetForm lifetime; collection entries removed/reset per feature","DockInteractionRuntime","Read list includes writes; lexical write/mutator index, inspect referenced method for indirect effects / finally. Constants and event declarations retained."
"_splitRemainderNoteId","desktop-pet/PetForm.cs:159","G Dock","desktop-pet/Features/StickyNotes/PetStickyWindowCoordinator.cs:499 ResumeDockDragAfterTopologyChange; desktop-pet/Features/StickyNotes/PetStickyDockCoordinator.cs:246 BeginStickyDockDrag; desktop-pet/Features/StickyNotes/PetStickyDockCoordinator.cs:332 MoveStickyDockDrag; desktop-pet/Features/StickyNotes/PetStickyDockCoordinator.cs:524 CompleteStickyDockDrag; desktop-pet/Features/StickyNotes/PetStickyDockCoordinator.cs:579 StartDockFinalization; desktop-pet/Features/StickyNotes/PetStickyDockCoordinator.cs:635 ResetDockDragState","desktop-pet/Features/StickyNotes/PetStickyDockCoordinator.cs:246 BeginStickyDockDrag; desktop-pet/Features/StickyNotes/PetStickyDockCoordinator.cs:332 MoveStickyDockDrag; desktop-pet/Features/StickyNotes/PetStickyDockCoordinator.cs:635 ResetDockDragState","Pet STA (async completion marshaled); referenced owner may execute elsewhere","gesture / effect scope; see lifecycle table","DockInteractionRuntime","Read list includes writes; lexical write/mutator index, inspect referenced method for indirect effects / finally. Constants and event declarations retained."
"_movingDockGroup","desktop-pet/PetForm.cs:160","G Dock","desktop-pet/Features/StickyNotes/PetStickyWindowCoordinator.cs:96 ExpandAndTileAllStickyNotesToPetScreen; desktop-pet/Features/StickyNotes/PetStickyDockCoordinator.cs:332 MoveStickyDockDrag; desktop-pet/Features/StickyNotes/PetStickyDockCoordinator.cs:1077 BeginHostedStickyDockDivider; desktop-pet/Features/StickyNotes/PetStickyDockCoordinator.cs:1107 ResizeHostedStickyDockDivider; desktop-pet/Features/StickyNotes/PetStickyDockCoordinator.cs:1211 ResizeStickyDockGroup; desktop-pet/Features/StickyNotes/PetStickyDockCoordinator.cs:1296 RestoreDockOriginalLocations","desktop-pet/Features/StickyNotes/PetStickyWindowCoordinator.cs:96 ExpandAndTileAllStickyNotesToPetScreen; desktop-pet/Features/StickyNotes/PetStickyDockCoordinator.cs:332 MoveStickyDockDrag; desktop-pet/Features/StickyNotes/PetStickyDockCoordinator.cs:1296 RestoreDockOriginalLocations","Pet STA (async completion marshaled); referenced owner may execute elsewhere","gesture / effect scope; see lifecycle table","DockInteractionRuntime","Read list includes writes; lexical write/mutator index, inspect referenced method for indirect effects / finally. Constants and event declarations retained."
"_activeNoteDetached","desktop-pet/PetForm.cs:161","G Dock","desktop-pet/Features/StickyNotes/PetStickyDockCoordinator.cs:246 BeginStickyDockDrag; desktop-pet/Features/StickyNotes/PetStickyDockCoordinator.cs:332 MoveStickyDockDrag; desktop-pet/Features/StickyNotes/PetStickyDockCoordinator.cs:635 ResetDockDragState; desktop-pet/Features/StickyNotes/PetStickyDockCoordinator.cs:1464 FindDockTarget","desktop-pet/Features/StickyNotes/PetStickyDockCoordinator.cs:246 BeginStickyDockDrag; desktop-pet/Features/StickyNotes/PetStickyDockCoordinator.cs:332 MoveStickyDockDrag; desktop-pet/Features/StickyNotes/PetStickyDockCoordinator.cs:635 ResetDockDragState","Pet STA (async completion marshaled); referenced owner may execute elsewhere","gesture / effect scope; see lifecycle table","DockInteractionRuntime","Read list includes writes; lexical write/mutator index, inspect referenced method for indirect effects / finally. Constants and event declarations retained."
"_activeNoteSplitEligible","desktop-pet/PetForm.cs:162","G Dock","desktop-pet/Features/StickyNotes/PetStickyWindowCoordinator.cs:499 ResumeDockDragAfterTopologyChange; desktop-pet/Features/StickyNotes/PetStickyDockCoordinator.cs:246 BeginStickyDockDrag; desktop-pet/Features/StickyNotes/PetStickyDockCoordinator.cs:332 MoveStickyDockDrag; desktop-pet/Features/StickyNotes/PetStickyDockCoordinator.cs:635 ResetDockDragState","desktop-pet/Features/StickyNotes/PetStickyWindowCoordinator.cs:499 ResumeDockDragAfterTopologyChange; desktop-pet/Features/StickyNotes/PetStickyDockCoordinator.cs:246 BeginStickyDockDrag; desktop-pet/Features/StickyNotes/PetStickyDockCoordinator.cs:332 MoveStickyDockDrag; desktop-pet/Features/StickyNotes/PetStickyDockCoordinator.cs:635 ResetDockDragState","Pet STA (async completion marshaled); referenced owner may execute elsewhere","gesture / effect scope; see lifecycle table","DockInteractionRuntime","Read list includes writes; lexical write/mutator index, inspect referenced method for indirect effects / finally. Constants and event declarations retained."
"_synchronizingDockLayout","desktop-pet/PetForm.cs:163","G Dock","desktop-pet/Features/StickyNotes/PetStickyDockCoordinator.cs:39 CloseStickyDockNote; desktop-pet/Features/StickyNotes/PetStickyDockCoordinator.cs:1042 NormalizeDockComponentAt; desktop-pet/Features/StickyNotes/PetStickyDockCoordinator.cs:1077 BeginHostedStickyDockDivider; desktop-pet/Features/StickyNotes/PetStickyDockCoordinator.cs:1107 ResizeHostedStickyDockDivider; desktop-pet/Features/StickyNotes/PetStickyDockCoordinator.cs:1211 ResizeStickyDockGroup; desktop-pet/Features/StickyNotes/PetStickyDockCoordinator.cs:1595 HideStickyNote","desktop-pet/Features/StickyNotes/PetStickyDockCoordinator.cs:39 CloseStickyDockNote; desktop-pet/Features/StickyNotes/PetStickyDockCoordinator.cs:1042 NormalizeDockComponentAt; desktop-pet/Features/StickyNotes/PetStickyDockCoordinator.cs:1107 ResizeHostedStickyDockDivider; desktop-pet/Features/StickyNotes/PetStickyDockCoordinator.cs:1211 ResizeStickyDockGroup; desktop-pet/Features/StickyNotes/PetStickyDockCoordinator.cs:1595 HideStickyNote","Pet STA (async completion marshaled); referenced owner may execute elsewhere","gesture / effect scope; see lifecycle table","DockInteractionRuntime","Read list includes writes; lexical write/mutator index, inspect referenced method for indirect effects / finally. Constants and event declarations retained."
"_dockPlanMailbox","desktop-pet/PetForm.cs:164","G Dock","desktop-pet/Features/StickyNotes/PetStickyWindowCoordinator.cs:479 InvalidateDockPlansForTopologyChange; desktop-pet/Features/StickyNotes/PetStickyWindowCoordinator.cs:686 PostDockGroupTopologyReproject; desktop-pet/Features/StickyNotes/PetStickyWindowCoordinator.cs:2318 PostDockGroupRestoreReproject; desktop-pet/Features/StickyNotes/PetStickyDockCoordinator.cs:246 BeginStickyDockDrag; desktop-pet/Features/StickyNotes/PetStickyDockCoordinator.cs:432 PlanDockPlan; desktop-pet/Features/StickyNotes/PetStickyDockCoordinator.cs:579 StartDockFinalization; desktop-pet/Features/StickyNotes/PetStickyDockCoordinator.cs:635 ResetDockDragState; desktop-pet/Features/StickyNotes/PetStickyDockCoordinator.cs:691 ApplyLiveDockPlan","desktop-pet/Features/StickyNotes/PetStickyWindowCoordinator.cs:479 InvalidateDockPlansForTopologyChange; desktop-pet/Features/StickyNotes/PetStickyDockCoordinator.cs:246 BeginStickyDockDrag; desktop-pet/Features/StickyNotes/PetStickyDockCoordinator.cs:579 StartDockFinalization; desktop-pet/Features/StickyNotes/PetStickyDockCoordinator.cs:635 ResetDockDragState","Pet STA (async completion marshaled); referenced owner may execute elsewhere","PetForm lifetime; collection entries removed/reset per feature","DockInteractionRuntime","Read list includes writes; lexical write/mutator index, inspect referenced method for indirect effects / finally. Constants and event declarations retained."
"_dockInteraction","desktop-pet/PetForm.cs:166","G Dock","desktop-pet/Features/StickyNotes/PetStickyWindowCoordinator.cs:479 InvalidateDockPlansForTopologyChange; desktop-pet/Features/StickyNotes/PetStickyWindowCoordinator.cs:499 ResumeDockDragAfterTopologyChange; desktop-pet/Features/StickyNotes/PetStickyDockCoordinator.cs:246 BeginStickyDockDrag; desktop-pet/Features/StickyNotes/PetStickyDockCoordinator.cs:332 MoveStickyDockDrag; desktop-pet/Features/StickyNotes/PetStickyDockCoordinator.cs:421 PlanLiveDockPlan; desktop-pet/Features/StickyNotes/PetStickyDockCoordinator.cs:579 StartDockFinalization; desktop-pet/Features/StickyNotes/PetStickyDockCoordinator.cs:635 ResetDockDragState; desktop-pet/Features/StickyNotes/PetStickyDockCoordinator.cs:691 ApplyLiveDockPlan; desktop-pet/Features/StickyNotes/PetStickyDockCoordinator.cs:732 ApplyDockBatchResult","desktop-pet/Features/StickyNotes/PetStickyWindowCoordinator.cs:479 InvalidateDockPlansForTopologyChange; desktop-pet/Features/StickyNotes/PetStickyDockCoordinator.cs:246 BeginStickyDockDrag; desktop-pet/Features/StickyNotes/PetStickyDockCoordinator.cs:579 StartDockFinalization; desktop-pet/Features/StickyNotes/PetStickyDockCoordinator.cs:635 ResetDockDragState","Pet STA (async completion marshaled); referenced owner may execute elsewhere","PetForm lifetime; collection entries removed/reset per feature","DockInteractionRuntime","Read list includes writes; lexical write/mutator index, inspect referenced method for indirect effects / finally. Constants and event declarations retained."
"_lastAppliedDockPlanSequence","desktop-pet/PetForm.cs:168","G Dock","desktop-pet/Features/StickyNotes/PetStickyWindowCoordinator.cs:1564 CompleteDockDurableCommit; desktop-pet/Features/StickyNotes/PetStickyDockCoordinator.cs:732 ApplyDockBatchResult","desktop-pet/Features/StickyNotes/PetStickyWindowCoordinator.cs:1564 CompleteDockDurableCommit; desktop-pet/Features/StickyNotes/PetStickyDockCoordinator.cs:732 ApplyDockBatchResult","Pet STA (async completion marshaled); referenced owner may execute elsewhere","PetForm lifetime; collection entries removed/reset per feature","DockInteractionRuntime","Read list includes writes; lexical write/mutator index, inspect referenced method for indirect effects / finally. Constants and event declarations retained."
"_pendingDockTopologyGroups","desktop-pet/PetForm.cs:169","G Dock","desktop-pet/Features/StickyNotes/PetStickyWindowCoordinator.cs:553 ReconcileDockGroups; desktop-pet/Features/StickyNotes/PetStickyWindowCoordinator.cs:686 PostDockGroupTopologyReproject","desktop-pet/Features/StickyNotes/PetStickyWindowCoordinator.cs:686 PostDockGroupTopologyReproject","Pet STA (async completion marshaled); referenced owner may execute elsewhere","PetForm lifetime; collection entries removed/reset per feature","DockInteractionRuntime","Read list includes writes; lexical write/mutator index, inspect referenced method for indirect effects / finally. Constants and event declarations retained."
"_pendingStandaloneTopologyNotes","desktop-pet/PetForm.cs:171","G Dock","desktop-pet/Features/StickyNotes/PetStickyWindowCoordinator.cs:1478 ScheduleLatestStandaloneReconcile","desktop-pet/Features/StickyNotes/PetStickyWindowCoordinator.cs:1478 ScheduleLatestStandaloneReconcile","Pet STA (async completion marshaled); referenced owner may execute elsewhere","PetForm lifetime; collection entries removed/reset per feature","DockInteractionRuntime","Read list includes writes; lexical write/mutator index, inspect referenced method for indirect effects / finally. Constants and event declarations retained."
"_startupWorkTimer","desktop-pet/PetForm.cs:173","C Startup","desktop-pet/PetStartupCoordinator.cs:16 BeginDeferredStartupWork; desktop-pet/PetStartupCoordinator.cs:160 StopDeferredStartupWork","desktop-pet/PetStartupCoordinator.cs:16 BeginDeferredStartupWork; desktop-pet/PetStartupCoordinator.cs:160 StopDeferredStartupWork","Pet STA (async completion marshaled); referenced owner may execute elsewhere","PetForm lifetime; collection entries removed/reset per feature","StartupRuntime","Read list includes writes; lexical write/mutator index, inspect referenced method for indirect effects / finally. Constants and event declarations retained."
"_startupWorkPhase","desktop-pet/PetForm.cs:174","C Startup","desktop-pet/PetStartupCoordinator.cs:16 BeginDeferredStartupWork; desktop-pet/PetStartupCoordinator.cs:26 DeferredStartupTick","desktop-pet/PetStartupCoordinator.cs:16 BeginDeferredStartupWork; desktop-pet/PetStartupCoordinator.cs:26 DeferredStartupTick","Pet STA (async completion marshaled); referenced owner may execute elsewhere","PetForm lifetime; collection entries removed/reset per feature","StartupRuntime","Read list includes writes; lexical write/mutator index, inspect referenced method for indirect effects / finally. Constants and event declarations retained."
"_startupVisibleNotes","desktop-pet/PetForm.cs:175","C Startup","desktop-pet/PetStartupCoordinator.cs:26 DeferredStartupTick; desktop-pet/PetStartupCoordinator.cs:160 StopDeferredStartupWork","desktop-pet/PetStartupCoordinator.cs:26 DeferredStartupTick; desktop-pet/PetStartupCoordinator.cs:160 StopDeferredStartupWork","Pet STA (async completion marshaled); referenced owner may execute elsewhere","PetForm lifetime; collection entries removed/reset per feature","StartupRuntime","Read list includes writes; lexical write/mutator index, inspect referenced method for indirect effects / finally. Constants and event declarations retained."
"_startupUiReady","desktop-pet/PetForm.cs:176","C Startup","desktop-pet/PetStartupCoordinator.cs:26 DeferredStartupTick; desktop-pet/PetStartupCoordinator.cs:113 TryRaiseStartupReady","desktop-pet/PetStartupCoordinator.cs:26 DeferredStartupTick","Pet STA (async completion marshaled); referenced owner may execute elsewhere","PetForm lifetime; collection entries removed/reset per feature","StartupRuntime","Read list includes writes; lexical write/mutator index, inspect referenced method for indirect effects / finally. Constants and event declarations retained."
"_startupArtReady","desktop-pet/PetForm.cs:177","C Startup","desktop-pet/PetAnimationRuntime.cs:389 QueueStartupInteractionPreload; desktop-pet/PetStartupCoordinator.cs:113 TryRaiseStartupReady","desktop-pet/PetAnimationRuntime.cs:389 QueueStartupInteractionPreload","Pet STA (async completion marshaled); referenced owner may execute elsewhere","PetForm lifetime; collection entries removed/reset per feature","StartupRuntime","Read list includes writes; lexical write/mutator index, inspect referenced method for indirect effects / finally. Constants and event declarations retained."
"_startupReadyRaised","desktop-pet/PetForm.cs:178","C Startup","desktop-pet/PetStartupCoordinator.cs:113 TryRaiseStartupReady","desktop-pet/PetStartupCoordinator.cs:113 TryRaiseStartupReady","Pet STA (async completion marshaled); referenced owner may execute elsewhere","PetForm lifetime; collection entries removed/reset per feature","StartupRuntime","Read list includes writes; lexical write/mutator index, inspect referenced method for indirect effects / finally. Constants and event declarations retained."
"_activeHostedDockResizeFacts","desktop-pet/PetForm.cs:179","G Dock","desktop-pet/Features/StickyNotes/PetStickyWindowCoordinator.cs:1761 ClearHostedDockResizeSession; desktop-pet/Features/StickyNotes/PetStickyWindowCoordinator.cs:1767 ClearHostedDockResizeSessionIfMember; desktop-pet/Features/StickyNotes/PetStickyDockCoordinator.cs:1077 BeginHostedStickyDockDivider; desktop-pet/Features/StickyNotes/PetStickyDockCoordinator.cs:1107 ResizeHostedStickyDockDivider; desktop-pet/Features/StickyNotes/PetStickyDockCoordinator.cs:1146 MatchesHostedDockResizeSession","desktop-pet/Features/StickyNotes/PetStickyWindowCoordinator.cs:1761 ClearHostedDockResizeSession; desktop-pet/Features/StickyNotes/PetStickyDockCoordinator.cs:1077 BeginHostedStickyDockDivider","Pet STA (async completion marshaled); referenced owner may execute elsewhere","gesture / effect scope; see lifecycle table","DockInteractionRuntime","Read list includes writes; lexical write/mutator index, inspect referenced method for indirect effects / finally. Constants and event declarations retained."
"_activeHostedDockResizeSourceId","desktop-pet/PetForm.cs:181","G Dock","desktop-pet/Features/StickyNotes/PetStickyWindowCoordinator.cs:1761 ClearHostedDockResizeSession; desktop-pet/Features/StickyNotes/PetStickyDockCoordinator.cs:1077 BeginHostedStickyDockDivider; desktop-pet/Features/StickyNotes/PetStickyDockCoordinator.cs:1107 ResizeHostedStickyDockDivider","desktop-pet/Features/StickyNotes/PetStickyWindowCoordinator.cs:1761 ClearHostedDockResizeSession; desktop-pet/Features/StickyNotes/PetStickyDockCoordinator.cs:1077 BeginHostedStickyDockDivider","Pet STA (async completion marshaled); referenced owner may execute elsewhere","gesture / effect scope; see lifecycle table","DockInteractionRuntime","Read list includes writes; lexical write/mutator index, inspect referenced method for indirect effects / finally. Constants and event declarations retained."
"_startupDisplaySuppressed","desktop-pet/PetForm.cs:187","C Startup","desktop-pet/PetForm.cs:616 ApplyCurrentDisplayScale; desktop-pet/PetAnimationRuntime.cs:496 RenderCurrentFrame; desktop-pet/PetStartupCoordinator.cs:113 TryRaiseStartupReady","desktop-pet/PetStartupCoordinator.cs:113 TryRaiseStartupReady","Pet STA (async completion marshaled); referenced owner may execute elsewhere","PetForm lifetime; collection entries removed/reset per feature","StartupRuntime","Read list includes writes; lexical write/mutator index, inspect referenced method for indirect effects / finally. Constants and event declarations retained."
"StartupReady","desktop-pet/PetForm.cs:189","C Startup","desktop-pet/PetStartupCoordinator.cs:113 TryRaiseStartupReady","","Pet STA (async completion marshaled); referenced owner may execute elsewhere","PetForm lifetime; collection entries removed/reset per feature","StartupRuntime","Read list includes writes; lexical write/mutator index, inspect referenced method for indirect effects / finally. Constants and event declarations retained."
"PetWindowFactsId","desktop-pet/PetDisplayRuntime.cs:8","D Display","desktop-pet/Features/StickyNotes/PetStickyWindowCoordinator.cs:402 CapturePetWindowFacts","","Pet STA (async completion marshaled); referenced owner may execute elsewhere","PetForm lifetime; collection entries removed/reset per feature","DisplayRuntime","Read list includes writes; lexical write/mutator index, inspect referenced method for indirect effects / finally. Constants and event declarations retained."
"_petWindowSequence","desktop-pet/PetDisplayRuntime.cs:10","D Display","desktop-pet/Features/StickyNotes/PetStickyWindowCoordinator.cs:402 CapturePetWindowFacts","","Pet STA (async completion marshaled); referenced owner may execute elsewhere","PetForm lifetime; collection entries removed/reset per feature","DisplayRuntime","Read list includes writes; lexical write/mutator index, inspect referenced method for indirect effects / finally. Constants and event declarations retained."
"_petEffectiveFacts","desktop-pet/PetDisplayRuntime.cs:11","D Display","desktop-pet/Features/StickyNotes/PetStickyWindowCoordinator.cs:402 CapturePetWindowFacts; desktop-pet/PetForm.cs:495 OnDpiChanged; desktop-pet/PetDisplayRuntime.cs:87 CommitPetPreferredFromFacts; desktop-pet/PetDisplayRuntime.cs:127 TryPlacePetAtPreferred; desktop-pet/PetDisplayRuntime.cs:191 TryPlacePetDefault; desktop-pet/PetDisplayRuntime.cs:388 ReconcilePetDisplayPlacement","desktop-pet/Features/StickyNotes/PetStickyWindowCoordinator.cs:402 CapturePetWindowFacts; desktop-pet/PetForm.cs:495 OnDpiChanged; desktop-pet/PetDisplayRuntime.cs:87 CommitPetPreferredFromFacts; desktop-pet/PetDisplayRuntime.cs:127 TryPlacePetAtPreferred; desktop-pet/PetDisplayRuntime.cs:191 TryPlacePetDefault; desktop-pet/PetDisplayRuntime.cs:388 ReconcilePetDisplayPlacement","Pet STA (async completion marshaled); referenced owner may execute elsewhere","PetForm lifetime; collection entries removed/reset per feature","DisplayRuntime","Read list includes writes; lexical write/mutator index, inspect referenced method for indirect effects / finally. Constants and event declarations retained."
"_petPlacementInitialized","desktop-pet/PetDisplayRuntime.cs:12","D Display","desktop-pet/PetDisplayRuntime.cs:317 InitializePetDisplayPlacement; desktop-pet/PetDisplayRuntime.cs:388 ReconcilePetDisplayPlacement","desktop-pet/PetDisplayRuntime.cs:317 InitializePetDisplayPlacement","Pet STA (async completion marshaled); referenced owner may execute elsewhere","PetForm lifetime; collection entries removed/reset per feature","DisplayRuntime","Read list includes writes; lexical write/mutator index, inspect referenced method for indirect effects / finally. Constants and event declarations retained."
"_petTemporaryRehome","desktop-pet/PetDisplayRuntime.cs:13","D Display","desktop-pet/PetDisplayRuntime.cs:87 CommitPetPreferredFromFacts; desktop-pet/PetDisplayRuntime.cs:277 CommitPetUserPlacement; desktop-pet/PetDisplayRuntime.cs:317 InitializePetDisplayPlacement; desktop-pet/PetDisplayRuntime.cs:388 ReconcilePetDisplayPlacement","desktop-pet/PetDisplayRuntime.cs:87 CommitPetPreferredFromFacts; desktop-pet/PetDisplayRuntime.cs:317 InitializePetDisplayPlacement; desktop-pet/PetDisplayRuntime.cs:388 ReconcilePetDisplayPlacement","Pet STA (async completion marshaled); referenced owner may execute elsewhere","PetForm lifetime; collection entries removed/reset per feature","DisplayRuntime","Read list includes writes; lexical write/mutator index, inspect referenced method for indirect effects / finally. Constants and event declarations retained."
"_petUserMovedSinceTemporaryRehome","desktop-pet/PetDisplayRuntime.cs:14","D Display","desktop-pet/PetDisplayRuntime.cs:87 CommitPetPreferredFromFacts; desktop-pet/PetDisplayRuntime.cs:277 CommitPetUserPlacement; desktop-pet/PetDisplayRuntime.cs:317 InitializePetDisplayPlacement; desktop-pet/PetDisplayRuntime.cs:388 ReconcilePetDisplayPlacement","desktop-pet/PetDisplayRuntime.cs:87 CommitPetPreferredFromFacts; desktop-pet/PetDisplayRuntime.cs:277 CommitPetUserPlacement; desktop-pet/PetDisplayRuntime.cs:317 InitializePetDisplayPlacement; desktop-pet/PetDisplayRuntime.cs:388 ReconcilePetDisplayPlacement","Pet STA (async completion marshaled); referenced owner may execute elsewhere","PetForm lifetime; collection entries removed/reset per feature","DisplayRuntime","Read list includes writes; lexical write/mutator index, inspect referenced method for indirect effects / finally. Constants and event declarations retained."
"_petProgrammaticPlacement","desktop-pet/PetDisplayRuntime.cs:15","D Display","desktop-pet/PetForm.cs:495 OnDpiChanged; desktop-pet/PetDisplayRuntime.cs:127 TryPlacePetAtPreferred; desktop-pet/PetDisplayRuntime.cs:191 TryPlacePetDefault; desktop-pet/PetDisplayRuntime.cs:238 TryPlacePetLegacy; desktop-pet/PetDisplayRuntime.cs:277 CommitPetUserPlacement; desktop-pet/PetDisplayRuntime.cs:547 KeepPetFullyVisibleOnCurrentSurface","desktop-pet/PetForm.cs:495 OnDpiChanged; desktop-pet/PetDisplayRuntime.cs:127 TryPlacePetAtPreferred; desktop-pet/PetDisplayRuntime.cs:191 TryPlacePetDefault; desktop-pet/PetDisplayRuntime.cs:238 TryPlacePetLegacy; desktop-pet/PetDisplayRuntime.cs:547 KeepPetFullyVisibleOnCurrentSurface","Pet STA (async completion marshaled); referenced owner may execute elsewhere","PetForm lifetime; collection entries removed/reset per feature","DisplayRuntime","Read list includes writes; lexical write/mutator index, inspect referenced method for indirect effects / finally. Constants and event declarations retained."
"_petDpiDragHandoffActive","desktop-pet/PetDisplayRuntime.cs:19","D Display","desktop-pet/PetForm.cs:195 PetForm; desktop-pet/PetForm.cs:495 OnDpiChanged","desktop-pet/PetForm.cs:495 OnDpiChanged","Pet STA (async completion marshaled); referenced owner may execute elsewhere","gesture / effect scope; see lifecycle table","DisplayRuntime","Read list includes writes; lexical write/mutator index, inspect referenced method for indirect effects / finally. Constants and event declarations retained."
"_lastPersistenceWarningUtc","desktop-pet/Features/StickyNotes/PetPersistenceCoordinator.cs:10","I Persistence","desktop-pet/Features/StickyNotes/PetPersistenceCoordinator.cs:12 PersistenceSaveFailed","desktop-pet/Features/StickyNotes/PetPersistenceCoordinator.cs:12 PersistenceSaveFailed","Pet STA (async completion marshaled); referenced owner may execute elsewhere","PetForm lifetime; collection entries removed/reset per feature","Pet persistence lifecycle","Read list includes writes; lexical write/mutator index, inspect referenced method for indirect effects / finally. Constants and event declarations retained."
"WindowsKeyboardFirstUseNotice","desktop-pet/PetMenuActions.cs:11","J Keyboard/input","desktop-pet/PetMenuActions.cs:141 KeyboardItemClick","","Pet STA (async completion marshaled); referenced owner may execute elsewhere","PetForm lifetime; collection entries removed/reset per feature","existing keyboard policy + Pet input lifecycle","Read list includes writes; lexical write/mutator index, inspect referenced method for indirect effects / finally. Constants and event declarations retained."
"OwnKeyboardProcessId","desktop-pet/Features/KeyboardOverlay/PetKeyboardOverlayCoordinator.cs:11","J Keyboard/input","desktop-pet/Features/KeyboardOverlay/PetKeyboardOverlayCoordinator.cs:162 ShouldSuppressOwnApplicationInput","","Pet STA (async completion marshaled); referenced owner may execute elsewhere","PetForm lifetime; collection entries removed/reset per feature","existing keyboard policy + Pet input lifecycle","Read list includes writes; lexical write/mutator index, inspect referenced method for indirect effects / finally. Constants and event declarations retained."
"_stableMouseInside","desktop-pet/PetHoverRuntime.cs:8","B Animation/hover","desktop-pet/PetForm.cs:195 PetForm; desktop-pet/PetAnimationRuntime.cs:137 ChooseRow; desktop-pet/PetBubbleCoordinator.cs:344 ShowOrUpdateHoverBubble; desktop-pet/PetBubbleCoordinator.cs:397 RestoreAmbientBubble; desktop-pet/PetMenuActions.cs:226 BeginExitSequence; desktop-pet/PetHoverRuntime.cs:68 CommitStableEnter; desktop-pet/PetHoverRuntime.cs:78 CommitStableLeave; desktop-pet/PetHoverRuntime.cs:88 DisposeHoverRuntime","desktop-pet/PetMenuActions.cs:226 BeginExitSequence; desktop-pet/PetHoverRuntime.cs:68 CommitStableEnter; desktop-pet/PetHoverRuntime.cs:78 CommitStableLeave; desktop-pet/PetHoverRuntime.cs:88 DisposeHoverRuntime","Pet STA (async completion marshaled); referenced owner may execute elsewhere","PetForm lifetime; collection entries removed/reset per feature","existing animation owner + hover lifecycle","Read list includes writes; lexical write/mutator index, inspect referenced method for indirect effects / finally. Constants and event declarations retained."
"_hoverSuppressedUntilStableLeave","desktop-pet/PetHoverRuntime.cs:9","B Animation/hover","desktop-pet/PetForm.cs:195 PetForm; desktop-pet/PetAnimationRuntime.cs:137 ChooseRow; desktop-pet/PetAnimationRuntime.cs:152 PetMouseDown; desktop-pet/PetBubbleCoordinator.cs:344 ShowOrUpdateHoverBubble; desktop-pet/PetBubbleCoordinator.cs:397 RestoreAmbientBubble; desktop-pet/PetHoverRuntime.cs:68 CommitStableEnter; desktop-pet/PetHoverRuntime.cs:78 CommitStableLeave","desktop-pet/PetAnimationRuntime.cs:152 PetMouseDown; desktop-pet/PetHoverRuntime.cs:78 CommitStableLeave","Pet STA (async completion marshaled); referenced owner may execute elsewhere","PetForm lifetime; collection entries removed/reset per feature","existing animation owner + hover lifecycle","Read list includes writes; lexical write/mutator index, inspect referenced method for indirect effects / finally. Constants and event declarations retained."
"_hoverEnterCandidateUtc","desktop-pet/PetHoverRuntime.cs:10","B Animation/hover","desktop-pet/PetHoverRuntime.cs:14 OnRawMouseEnter; desktop-pet/PetHoverRuntime.cs:21 OnRawMouseLeave; desktop-pet/PetHoverRuntime.cs:44 HoverStabilityTick; desktop-pet/PetHoverRuntime.cs:68 CommitStableEnter; desktop-pet/PetHoverRuntime.cs:78 CommitStableLeave","desktop-pet/PetHoverRuntime.cs:14 OnRawMouseEnter; desktop-pet/PetHoverRuntime.cs:21 OnRawMouseLeave; desktop-pet/PetHoverRuntime.cs:68 CommitStableEnter; desktop-pet/PetHoverRuntime.cs:78 CommitStableLeave","Pet STA (async completion marshaled); referenced owner may execute elsewhere","PetForm lifetime; collection entries removed/reset per feature","existing animation owner + hover lifecycle","Read list includes writes; lexical write/mutator index, inspect referenced method for indirect effects / finally. Constants and event declarations retained."
"_hoverLeaveCandidateUtc","desktop-pet/PetHoverRuntime.cs:11","B Animation/hover","desktop-pet/PetHoverRuntime.cs:14 OnRawMouseEnter; desktop-pet/PetHoverRuntime.cs:21 OnRawMouseLeave; desktop-pet/PetHoverRuntime.cs:44 HoverStabilityTick; desktop-pet/PetHoverRuntime.cs:78 CommitStableLeave","desktop-pet/PetHoverRuntime.cs:14 OnRawMouseEnter; desktop-pet/PetHoverRuntime.cs:21 OnRawMouseLeave; desktop-pet/PetHoverRuntime.cs:78 CommitStableLeave","Pet STA (async completion marshaled); referenced owner may execute elsewhere","PetForm lifetime; collection entries removed/reset per feature","existing animation owner + hover lifecycle","Read list includes writes; lexical write/mutator index, inspect referenced method for indirect effects / finally. Constants and event declarations retained."
"_hoverStabilityTimer","desktop-pet/PetHoverRuntime.cs:12","B Animation/hover","desktop-pet/PetHoverRuntime.cs:33 EnsureHoverStabilityTimer; desktop-pet/PetHoverRuntime.cs:44 HoverStabilityTick; desktop-pet/PetHoverRuntime.cs:78 CommitStableLeave; desktop-pet/PetHoverRuntime.cs:88 DisposeHoverRuntime","desktop-pet/PetHoverRuntime.cs:33 EnsureHoverStabilityTimer","Pet STA (async completion marshaled); referenced owner may execute elsewhere","PetForm lifetime; collection entries removed/reset per feature","existing animation owner + hover lifecycle","Read list includes writes; lexical write/mutator index, inspect referenced method for indirect effects / finally. Constants and event declarations retained."
"_dailyLedger","desktop-pet/PetDailyInteractionRuntime.cs:7","K Bubble/daily/reminder","desktop-pet/PetAnimationRuntime.cs:219 HandlePetPokedAsync; desktop-pet/PetDailyInteractionRuntime.cs:10 InitializeDailyLedger; desktop-pet/PetDailyInteractionRuntime.cs:31 LedgerSnapshot; desktop-pet/PetDailyInteractionRuntime.cs:37 RefreshLedgerOpeningMarker; desktop-pet/PetDailyInteractionRuntime.cs:45 PersistDailyLedger","desktop-pet/PetDailyInteractionRuntime.cs:10 InitializeDailyLedger; desktop-pet/PetDailyInteractionRuntime.cs:37 RefreshLedgerOpeningMarker","Pet STA (async completion marshaled); referenced owner may execute elsewhere","PetForm lifetime; collection entries removed/reset per feature","existing feature owners","Read list includes writes; lexical write/mutator index, inspect referenced method for indirect effects / finally. Constants and event declarations retained."
